384.8235,157.2353,424.8571,208.4286,-24.8278,0.000256241,0.000171495,-4.82881,-4.78823,-0.000899328,-1.62637,-1.53846,0.923077,419.082969427109,-1.60571467131376,77.0522654056549
516.9167,73.5,565.087,105.7391,-30.0002,0.000256241,0.000171495,-0.000446343,-0.00181025,-0.000899328,-14.9011,9.89011,8.65934,419.082969427109,-1.60571467131376,77.0522654056549
521.0625,76.25,570.0909,108.4091,-28.059,0.000256241,0.000171495,-0.000446343,-1.93138,-0.000899328,-14.9011,9.89011,9.18681,419.082969427109,-1.60571467131376,77.0522654056549
565.0526,53.52632,610.3226,82.09677,0.0014452,0.000256241,0.000171495,10.0002,0.00159888,-0.000899328,-15.1648,9.8022,41.1868,419.082969427109,-1.60571467131376,77.0522654056549
481.6154,197.4615,525.7273,237,-10.0007,0.000256241,0.000171495,-0.000446343,-19.9998,-0.000899328,0.043956,-9.97802,8.92308,419.082969427109,-1.60571467131376,77.0522654056549
468.8333,236.6667,513.4445,265.5555,-5.24175,0.000256241,0.000171495,4.75109,-15.2611,-0.0145358,0.043956,-9.89011,9.62637,419.082969427109,-1.60571467131376,77.0522654056549
226.4545,192.8182,262.68,231.92,-0.000604728,0.000256241,0.000171495,-0.000446343,19.9996,-0.000899328,0.043956,0.043956,20.0879,419.082969427109,-1.60571467131376,77.0522654056549
231.2857,188.3571,265.3077,227.8462,-9.22467e-05,0.000256241,0.000171495,-2.06844,18.9444,-0.00430846,0.043956,0.043956,20.1758,419.082969427109,-1.60571467131376,77.0522654056549
542.375,62,586.8077,97.88461,-9.22467e-05,0.000768722,0.000171495,-19.9999,-20.0032,-0.000899328,0.21978,9.97802,20,419.082969427109,-1.60571467131376,77.0522654056549
540.2857,53.71429,586.5294,91.41177,-1.07579,0.000256241,0.000171495,-19.9999,-20.0015,-0.00430846,1.01099,8.65934,21.5824,419.082969427109,-1.60571467131376,77.0522654056549
304.5,38.875,348.7727,79.95454,-29.9997,0.000256241,0.000171495,-0.00136098,-10.0008,-0.000899328,14.989,-0.043956,8.65934,419.082969427109,-1.60571467131376,77.0522654056549
299.5625,17.5625,344.5294,63.47059,-29.9997,0.000256241,0.000171495,-4.99985,-7.93315,0.0025098,15.0769,0.043956,10.2418,419.082969427109,-1.60571467131376,77.0522654056549
228.1875,125.5625,263.5,165.3,-10.0001,0.000256241,0.000171495,-0.000446343,10.0006,-0.000899328,14.8132,10.2418,20.0879,419.082969427109,-1.60571467131376,77.0522654056549
585.9231,12.30769,633.4615,43.92308,-30.0002,0.000256241,0.000171495,-5.0401,-19.3742,0.00932806,-15.2527,-9.89011,10.1538,418.903052806854,-5.15236984938383,15.1972724124789
483,244.3333,529.8333,283.7222,-9.99963,0.000256241,0.000171495,-0.000446343,-0.00181025,-0.000899328,-14.5495,0.043956,8.92308,418.903052806854,-5.15236984938383,15.1972724124789
479.1818,253,526.6364,290.9546,-10.0001,0.000256241,0.000171495,4.77121,1.94651,0.0025098,-14.6374,0.043956,11.2967,418.903052806854,-5.15236984938383,15.1972724124789
484.4,4.8,525.1818,40.72727,-5.05418,0.000256241,0.000171495,-19.9999,-15.0582,0.0025098,0.043956,0.043956,22.2857,418.903052806854,-5.15236984938383,15.1972724124789
564.5,126.3571,606.05,163.85,-10.0001,0.000256241,0.000171495,10.0002,-20.0049,-0.00430846,0.131868,9.8022,30.022,418.903052806854,-5.15236984938383,15.1972724124789
564.1667,114.0833,600.9474,143.9474,-14.7703,0.000256241,0.000171495,8.05933,-19.9998,-0.000899328,0.923077,9.45055,28.7033,418.903052806854,-5.15236984938383,15.1972724124789
70.38461,48.61538,110.0714,90.78571,-20.0002,0.000256241,0.000171495,-0.000446343,20.003,-0.000899328,14.989,-9.97802,20.0879,418.903052806854,-5.15236984938383,15.1972724124789
78.3,14.1,116,63.3,-25.0102,0.000256241,0.000171495,-4.92302,17.9831,0.0161463,15.1648,-9.36264,21.7582,418.903052806854,-5.15236984938383,15.1972724124789
383.3158,156.5263,424.4375,197.9375,-20.0002,0.000256241,0.000171495,-0.000446343,-19.9998,-0.000899328,15.0769,-0.043956,8.92308,418.903052806854,-5.15236984938383,15.1972724124789
378.8571,112.5714,421,160.6667,-24.9759,0.000256241,0.000171495,-4.97973,-19.3759,0.00591893,15.1648,0.131868,10.0659,418.903052806854,-5.15236984938383,15.1972724124789
536.75,177.5,591,216.3077,-20.0007,0.000256241,0.000171495,-0.000446343,-10.0008,-0.000899328,-15.2527,-10.0659,10.2418,402.887612581253,-5.2520832978189,-59.393011033535
527.4,176.2,581.0909,215.1818,-24.7319,0.000256241,0.000171495,4.73371,-5.1871,-0.00771759,-15.0769,-9.45055,11.6484,402.887612581253,-5.2520832978189,-59.393011033535
493.4615,130.3846,532,165.375,-9.22467e-05,0.000256241,0.000171495,10.0011,-0.000105683,-0.00430846,-14.6374,-0.131868,40.1319,402.887612581253,-5.2520832978189,-59.393011033535
482.4546,139.8182,514.3333,181,-9.22467e-05,0.000256241,0.000171495,7.95598,4.93802,-0.00771759,-14.1978,1.71429,38.4615,402.887612581253,-5.2520832978189,-59.393011033535
367,201.3333,409,239.8,-10.0001,0.000256241,0.000171495,-10.0002,-0.00181025,-0.000899328,-0.043956,-0.043956,8.57143,402.887612581253,-5.2520832978189,-59.393011033535
363,194,401.3529,227.6471,-12.0593,0.000256241,0.000171495,-7.94315,2.04367,-0.000899328,0.043956,0.043956,11.7363,402.887612581253,-5.2520832978189,-59.393011033535
448.8333,37.83333,478,73.13333,-10.0007,0.000256241,0.000171495,10.0002,-10.0008,-0.000899328,0.131868,0.043956,41.2747,402.887612581253,-5.2520832978189,-59.393011033535
464.3636,53.54546,493.6667,88.16666,-5.07161,0.000256241,0.000171495,7.97793,-14.915,-0.017945,0.131868,0.043956,41.1868,402.887612581253,-5.2520832978189,-59.393011033535
375,285.5714,418.7273,325.9091,-10.0001,0.000256241,0.000171495,-0.000446343,-0.000105683,0.0025098,0.21978,9.97802,8.92308,402.887612581253,-5.2520832978189,-59.393011033535
375.25,299,418.25,338,-5.16796,0.000256241,0.000171495,-1.97515,-0.00181025,-0.000899328,0.21978,9.97802,9.0989,402.887612581253,-5.2520832978189,-59.393011033535
309.25,427.5,351.6,470.5,0.000420235,0.000256241,0.000171495,10.0029,10.004,-0.000899328,0.131868,9.97802,10.0659,402.887612581253,-5.2520832978189,-59.393011033535
298.875,417.125,341.2,462.8,-4.95066,0.000256241,0.000171495,8.96117,14.9745,-0.00771759,0.043956,9.97802,12.0879,402.887612581253,-5.2520832978189,-59.393011033535
535.375,197.25,578.7273,236.0909,-10.0001,0.000256241,0.000171495,-0.000446343,-20.0049,-0.00430846,0.043956,10.0659,19.9121,402.887612581253,-5.2520832978189,-59.393011033535
535.25,192,579,232.1429,-11.964,0.000256241,0.000171495,-0.000446343,-19.4117,0.0025098,-0.131868,9.71429,21.4066,402.887612581253,-5.2520832978189,-59.393011033535
304.5714,44.57143,352.2857,85.42857,-19.9997,0.000256241,0.000171495,-19.9999,-10.0008,-0.000899328,15.1648,-0.043956,8.83516,402.887612581253,-5.2520832978189,-59.393011033535
293,60.5,337.6,100.5,-19.9997,0.000256241,0.000171495,-15.0974,-5.12573,-0.0145358,15.1648,0.043956,9.27473,402.887612581253,-5.2520832978189,-59.393011033535
382.5,94.1,419.6667,136.6,-20.0002,0.000256241,0.000171495,-0.000446343,-20.0015,-0.00430846,14.9011,-0.043956,20,402.887612581253,-5.2520832978189,-59.393011033535
378.2,113,416.9375,153.125,-15.0178,0.000256241,0.000171495,-0.000446343,-17.9713,-0.00771759,15.6044,1.8022,21.7582,402.887612581253,-5.2520832978189,-59.393011033535
314,110,351.5833,144.9167,-9.99707,0.000256241,0.000171495,0.00138293,20.0013,0.0025098,-15.2527,-9.8022,30.1099,385.816633701324,-4.98218927532434,-115.316018462181
315.3333,129.6667,353.25,164.5,-12.11,0.000256241,0.000171495,5.05292,19.3586,-0.000899328,-14.3736,-8.04396,28.6154,385.816633701324,-4.98218927532434,-115.316018462181
371.1429,20.71428,408.5,51.25,-10.0007,0.000256241,0.000171495,-0.000446343,20.003,-0.000899328,-15.0769,0.043956,41.2747,385.816633701324,-4.98218927532434,-115.316018462181
369,51,405.5833,78.91666,-4.99422,0.000256241,0.000171495,4.99439,18.9598,-0.00771759,-14.5495,1.27473,40.2198,385.816633701324,-4.98218927532434,-115.316018462181
532.5,74.625,579.75,107.125,-9.99912,0.000256241,0.000171495,-10.0002,0.00159888,-0.000899328,-14.9011,9.97802,30.1099,385.816633701324,-4.98218927532434,-115.316018462181
530.7,93.7,575,146.8,-5.03317,0.000256241,0.000171495,-7.95321,0.00159888,-0.000899328,-14.2857,9.27473,27.5604,385.816633701324,-4.98218927532434,-115.316018462181
418.75,222.75,465.1429,261.5714,-10.0001,0.000256241,0.000171495,5.1078,-4.8513,0.0025098,0.307692,0.131868,20.7912,385.816633701324,-4.98218927532434,-115.316018462181
325.4286,207.4286,365.6,245.4,-20.0002,0.000256241,0.000171495,10.0002,10.0023,0.0025098,-0.395604,11.5604,19.8242,385.816633701324,-4.98218927532434,-115.316018462181
561,14.28571,601.0769,48.76923,-20.0002,0.000256241,0.000171495,10.0002,-20.0032,-0.000899328,-0.043956,9.97802,40.044,385.816633701324,-4.98218927532434,-115.316018462181
554.1818,19.27273,593.3,53.8,-20.0002,0.000256241,0.000171495,7.97793,-20.0015,-0.00430846,1.01099,7.86813,38.8132,385.816633701324,-4.98218927532434,-115.316018462181
314.5555,148.5556,366.75,189,-10.0001,0.000256241,0.000171495,-20.0008,-10.0008,-0.000899328,14.8132,0.043956,8.92308,385.816633701324,-4.98218927532434,-115.316018462181
327,148.2857,372.5,188.9,-10.0001,0.000256241,0.000171495,-19.0057,-14.7361,0.0127372,14.7253,0.043956,9.45055,385.816633701324,-4.98218927532434,-115.316018462181
379,96.85714,417,140.5714,-29.9997,0.000256241,0.000171495,10.0002,-19.9998,-0.000899328,14.989,0.043956,20.0879,385.816633701324,-4.98218927532434,-115.316018462181
378,117.5,416,158.2727,-25.0143,0.000256241,0.000171495,7.94775,-18.96,-0.00771759,15.6923,1.53846,19.9121,385.816633701324,-4.98218927532434,-115.316018462181
422,143.4,469.4286,179.1429,-30.0002,0.000256241,0.000171495,-1.94588,5.23973,0.00932806,-15.0769,-9.45055,11.4725,348.049908876419,-3.93915455788374,-175.455793738365
345.3,19.4,390,51,-25.0702,0.000256241,0.000171495,-10.0002,19.3689,-0.000899328,-15.0769,-10.1538,20.0879,348.049908876419,-3.93915455788374,-175.455793738365
333.5,218,377.1667,257.8333,-15.1665,0.000256241,0.000171495,9.01787,15.2046,-0.017945,-14.989,-9.97802,19.9121,348.049908876419,-3.93915455788374,-175.455793738365
439.3333,47.66667,476.7,88.2,0.0014452,0.000256241,0.000171495,-10.0002,-19.9998,-0.000899328,0.571429,-11.2967,39.956,348.049908876419,-3.93915455788374,-175.455793738365
434.7,46.9,471.5,87.5,-9.22467e-05,0.000256241,0.000171495,-10.0002,-18.0037,-0.0111267,0.571429,-11.1209,40.1319,348.049908876419,-3.93915455788374,-175.455793738365
215.5,237.625,259.375,276.875,-20.0002,0.000256241,0.000171495,-0.000446343,19.9996,-0.000899328,0.043956,10.0659,10.1538,348.049908876419,-3.93915455788374,-175.455793738365
225.5556,263.5555,271,305.5714,-15.0737,0.000256241,0.000171495,4.92213,15.0563,-0.0145358,0.131868,9.89011,9.97802,348.049908876419,-3.93915455788374,-175.455793738365
397,81.5,444.5,113,0.0014452,0.000256241,0.000171495,-10.0002,20.003,-0.000899328,-15.1648,9.8022,41.3626,295.133233070374,-4.8617203719914,-217.756599187851
394.75,86,441.8,118.7,-1.06195,0.000256241,0.000171495,-10.0002,20.003,-0.000899328,-13.9341,9.62637,40.1319,295.133233070374,-4.8617203719914,-217.756599187851
320,110.6,357.25,150,-9.99809,0.000256241,0.000171495,10.002,0.00159888,-0.000899328,0.043956,-9.97802,40.044,295.133233070374,-4.8617203719914,-217.756599187851
323.4,125.3,362,166.5,-5.22023,0.000256241,0.000171495,9.01239,-1.9399,-0.00430846,0.043956,-9.97802,40.044,295.133233070374,-4.8617203719914,-217.756599187851
297,141.1429,337.1818,177.8182,-9.22467e-05,0.000256241,0.000171495,-0.000446343,10.0006,-0.000899328,-0.043956,-0.043956,40.044,295.133233070374,-4.8617203719914,-217.756599187851
313.1429,138.7143,354.6667,176.8333,-1.05017,0.000256241,0.000171495,-2.04466,5.04029,-0.000899328,0.571429,1.53846,38.9011,295.133233070374,-4.8617203719914,-217.756599187851
410,158.6,452.7778,201.5556,-14.9958,0.000256241,0.000171495,10.0011,-18.9566,-0.000899328,15.1648,9.97802,30.1099,295.133233070374,-4.8617203719914,-217.756599187851
175.2,163.2,225.375,194.375,-15.2039,0.000256241,0.000171495,10.0002,14.7461,-0.00771759,15.0769,9.97802,29.9341,241.031318902969,-0.213610255741514,-237.360224127769
315,39.5,356.7,77.4,-30.0033,0.000256241,0.000171495,10.0002,-0.00181025,-0.000899328,14.7253,-10.1538,30.1978,318.381011486053,172.636404633522,-245.935261249542
218.5833,66.58334,258.6,103,-20.0002,0.000256241,0.000171495,10.0002,20.003,-0.000899328,14.989,0.043956,39.8681,318.381011486053,172.636404633522,-245.935261249542
222,51,263.0909,82.54546,-24.7847,0.000256241,0.000171495,5.21024,19.0262,-0.017945,15.6044,1.45055,39.0769,318.381011486053,172.636404633522,-245.935261249542
352.7143,328.1429,395.2,361.8,-4.75336,0.000256241,0.000171495,5.245,4.75904,0.00932806,15.4286,9.36264,31.7802,318.381011486053,172.636404633522,-245.935261249542
334,68.6,370.75,105,-10.0001,0.000256241,0.000171495,-0.000446343,10.0006,-0.000899328,-0.043956,-9.97802,40.044,351.9526720047,109.684266149998,-239.119574427605
352.5,64.75,382.1818,103.9091,-14.7508,0.000256241,0.000171495,4.75018,5.26359,-0.00430846,0.659341,-7.69231,39.6044,351.9526720047,109.684266149998,-239.119574427605
273.25,85.375,312,123,-29.9997,0.000256241,0.000171495,10.0011,10.0006,-0.000899328,14.989,9.89011,31.6044,351.9526720047,109.684266149998,-239.119574427605
275.4286,89.42857,315.4286,127.4286,-29.0096,0.000256241,0.000171495,8.07122,8.08805,-0.000899328,15.0769,10.1538,30.9011,351.9526720047,109.684266149998,-239.119574427605
368,133,407.375,171.375,0.000932716,0.000256241,0.000171495,-10.002,0.00330345,0.0025098,14.989,9.89011,39.6923,351.9526720047,109.684266149998,-239.119574427605
435.3636,241.2727,472,280.5,-9.22467e-05,0.000256241,0.000171495,10.0002,-10.0008,-0.000899328,0.043956,-10.0659,40.044,364.933669567108,53.5277910530567,-239.059284329414
435.6,228.6,473.3333,266.5,-9.22467e-05,0.000256241,0.000171495,5.06115,-8.94396,-0.000899328,0.571429,-7.78022,39.0769,364.933669567108,53.5277910530567,-239.059284329414
356,108.5,403.2,151.1,-14.9753,0.000256241,0.000171495,-15.0142,-14.9815,0.00591893,15.6044,1.71429,18.4176,364.933669567108,53.5277910530567,-239.059284329414
271.1429,7.285714,305.7778,42.66667,-30.0002,0.000256241,0.000171495,10.0002,10.0006,-0.000899328,15.1648,10.2418,40.2198,364.933669567108,53.5277910530567,-239.059284329414
275,29.3,306.8571,59.85714,-24.9036,0.000256241,0.000171495,7.88372,7.89544,-0.0111267,15.0769,10.1538,40.044,364.933669567108,53.5277910530567,-239.059284329414
338,213,386,261.4,-25.1665,0.000256241,0.000171495,4.82518,19.0092,-0.0111267,-15.2527,-9.89011,10.0659,369.372248649597,-3.22847533971071,-239.034041762352
315.1111,318.7778,355.4,361.4,-0.000604728,0.000256241,0.000171495,9.99928,20.003,-0.000899328,-14.989,-9.89011,31.7802,369.372248649597,-3.22847533971071,-239.034041762352
392.9091,50.18182,425,89.14286,-20.0002,0.000256241,0.000171495,10.0002,-10.0008,-0.000899328,-0.043956,-9.97802,41.1868,369.372248649597,-3.22847533971071,-239.034041762352
390,64.5,423.4,112.2,-15.0676,0.000256241,0.000171495,7.97885,-7.99792,0.0025098,0.659341,-8.48352,40.3077,369.372248649597,-3.22847533971071,-239.034041762352
374,258.2,413,297,-0.000604728,0.000256241,0.000171495,-0.000446343,-0.000105683,0.0025098,0.043956,-0.043956,31.6923,369.372248649597,-3.22847533971071,-239.034041762352
374,239,412.9091,284.7273,-4.93683,0.000256241,0.000171495,-0.000446343,-0.000105683,0.0025098,0.043956,0.043956,32.044,369.372248649597,-3.22847533971071,-239.034041762352
80,323,122,364.6,-1.03735,0.000256241,0.000171495,5.07945,18.9376,-0.00430846,15.5165,-7.86813,29.2308,369.372248649597,-3.22847533971071,-239.034041762352
177.7143,119.2857,219.5,158.5,-9.22467e-05,0.000256241,0.000171495,-19.9999,10.0006,-0.000899328,14.989,0.131868,30.022,369.372248649597,-3.22847533971071,-239.034041762352
155.4,123,201.1429,161.2857,-9.22467e-05,0.000256241,0.000171495,-18.9883,14.8057,0.00932806,14.989,0.043956,30.022,369.372248649597,-3.22847533971071,-239.034041762352
296.4,74.6,332.9091,113.4545,-29.9997,0.000256241,0.000171495,10.0011,-0.000105683,0.0025098,0.571429,-11.2967,30.022,355.513244867325,-58.5560277104378,-244.50495839119
300.4286,74.57143,340,117,-28.0426,0.000256241,0.000171495,8.99592,-1.94331,0.0025098,0.571429,-10.7692,30.1978,355.513244867325,-58.5560277104378,-244.50495839119
308.7143,189.8571,348.6667,228.5,0.0014452,0.000256241,0.000171495,-10.0002,-0.000105683,0.0025098,-0.043956,-9.97802,30.022,355.513244867325,-58.5560277104378,-244.50495839119
320.5,175,361.5,204.125,0.000932716,0.000256241,0.000171495,-14.9593,-4.98084,-0.0111267,0.307692,-9.27473,31.4286,355.513244867325,-58.5560277104378,-244.50495839119
246,159.4,287.3333,195.2222,-19.9997,0.000256241,0.000171495,10.0002,20.0013,0.0025098,-15.0769,-10.1538,30.1099,302.556425333023,-116.974346339703,-254.486262798309
250,177,291.1111,212.2222,-15.2444,0.000256241,0.000171495,9.01787,18.0649,0.00932806,-14.989,-9.97802,30.8132,302.556425333023,-116.974346339703,-254.486262798309
281.9,191,330.5,229,-11.9317,0.000256241,0.000171495,-5.24589,19.0143,-0.00771759,-14.8132,9.97802,22.2857,302.556425333023,-116.974346339703,-254.486262798309
202.8889,193.2222,247,229,-10.0001,0.000256241,0.000171495,4.76939,14.7887,0.0161463,0.043956,0.043956,30.1099,302.556425333023,-116.974346339703,-254.486262798309
309.5,99.25,353,134.8,-4.75336,0.000256241,0.000171495,-0.000446343,14.7495,-0.0145358,-14.6374,1.45055,40.2198,193.987429141998,-144.58142220974,-232.676774263382
104.6364,223.2727,172.5833,263.8333,-24.7888,0.000256241,0.000171495,9.0069,8.0301,0.00591893,-15.0769,-9.45055,11.5604,235.709980130196,-312.753319740295,-249.198824167252
331,347,382.5,386.375,-1.98545,0.000256241,0.000171495,5.15536,-15.2253,0.0025098,0.131868,9.8022,20.2637,235.709980130196,-312.753319740295,-249.198824167252
291.1111,193.7778,331.3,231.7,-5.2438,0.000256241,0.000171495,8.07214,-0.000105683,-0.00430846,-14.1099,-8.30769,38.8132,283.3072245121,-253.827661275864,-249.110832810402
203.25,90.875,246,127.25,0.000932716,0.000256241,0.000171495,-8.06754,15.2489,-0.0111267,-14.989,0.131868,39.8681,283.3072245121,-253.827661275864,-249.110832810402
168.5714,157.5714,215,198,0.00247016,0.000256241,0.000171495,-0.000446343,-10.0008,-0.000899328,14.4615,1.36264,40.044,283.3072245121,-253.827661275864,-249.110832810402
370.5,56.125,409.2222,93.55556,-30.0008,0.000256241,0.000171495,10.0002,-0.000105683,0.0025098,-14.989,0.043956,31.3407,318.702608346939,-203.310951590538,-249.801218509674
371.125,73.375,412.75,111.125,-25.185,0.000256241,0.000171495,5.19378,-1.93479,-0.00771759,-14.989,0.043956,30.3736,318.702608346939,-203.310951590538,-249.801218509674
362.5,69,400.875,106.5,-9.99861,0.000256241,0.000171495,-0.000446343,-0.000105683,0.0025098,-14.989,0.043956,41.5385,318.702608346939,-203.310951590538,-249.801218509674
369.3333,76.66666,408.5714,114.7143,-5.01267,0.000256241,0.000171495,-4.9779,-2.02683,-0.000899328,-14.6374,1.71429,39.956,318.702608346939,-203.310951590538,-249.801218509674
272.4,16.8,312.5,56.75,-10.0001,0.000256241,0.000171495,-20.0026,-0.00181025,-0.000899328,0.131868,10.0659,30.1978,318.702608346939,-203.310951590538,-249.801218509674
254.5,160.875,299.3333,201.5556,-20.0007,0.000256241,0.000171495,10.0002,-20.0015,-0.00430846,14.989,0.043956,30.1978,318.702608346939,-203.310951590538,-249.801218509674
236.875,175.125,280.25,216.875,-17.9677,0.000256241,0.000171495,7.97793,-15.0327,-0.00771759,15.5165,1.97802,28.3516,318.702608346939,-203.310951590538,-249.801218509674
383.25,210.125,437,243.1429,-25.165,0.000256241,0.000171495,-1.9724,4.75904,0.0025098,-15.2527,-9.89011,10.0659,360.056400299072,-145.694971084595,-246.616899967194
414,11,449.4546,47.72727,-20.0002,0.000256241,0.000171495,-0.000446343,-10.0008,-0.000899328,-14.989,-9.97802,41.2747,360.056400299072,-145.694971084595,-246.616899967194
414,21.8,449.125,55.125,-18.0681,0.000256241,0.000171495,-0.000446343,-9.00191,-0.000899328,-14.7253,-9.45055,40.3077,360.056400299072,-145.694971084595,-246.616899967194
308.6667,178.8333,355.25,219,-20.0002,0.000256241,0.000171495,10.0002,-10.0008,-0.000899328,0.659341,-11.2088,30.022,360.056400299072,-145.694971084595,-246.616899967194
294.9,162.5,334.9,198.1,-24.7499,0.000256241,0.000171495,8.07305,-5.22119,-0.0281724,0.923077,-8.83516,28.1758,360.056400299072,-145.694971084595,-246.616899967194
203,253.5,241.1111,292.3333,-10.0001,0.000256241,0.000171495,10.0011,10.0006,-0.000899328,0.043956,0.043956,30.1099,360.056400299072,-145.694971084595,-246.616899967194
224,252.9,254.6667,291.4445,-10.0001,0.000256241,0.000171495,9.0133,5.20564,0.00932806,0.043956,-0.043956,30.989,360.056400299072,-145.694971084595,-246.616899967194
309.7,148.8,345.7778,186.7778,-20.0007,0.000256241,0.000171495,10.002,-0.00181025,-0.000899328,0.043956,9.97802,31.7802,360.056400299072,-145.694971084595,-246.616899967194
284,253,328,291,-19.9997,0.000256241,0.000171495,10.0002,-19.9998,-0.000899328,14.9011,-9.89011,21.5824,360.056400299072,-145.694971084595,-246.616899967194
270,285,308.6667,325.1667,0.0014452,0.000256241,0.000171495,-0.000446343,20.0013,0.0025098,-14.989,-9.97802,29.7582,391.841799020767,-78.5032957792282,-243.901148438454
272,293,310.6667,334.8333,-1.05222,0.000256241,0.000171495,4.9578,18.97,0.00591893,-14.8132,-9.62637,32.1319,391.841799020767,-78.5032957792282,-243.901148438454
263.5714,86.42857,294.9,120.3,-20.0002,0.000256241,0.000171495,9.99928,19.9996,-0.000899328,-15.0769,-10.0659,40.2198,391.841799020767,-78.5032957792282,-243.901148438454
275.7143,74.85714,304.5,112,-24.918,0.000256241,0.000171495,7.98068,17.9609,0.00591893,-14.022,-7.69231,37.4066,391.841799020767,-78.5032957792282,-243.901148438454
514,253.5,553.7778,294.1111,0.00195768,0.000256241,0.000171495,10.0002,-10.0025,0.0025098,-15.2527,0.043956,40.044,391.841799020767,-78.5032957792282,-243.901148438454
224,93,268.875,137.25,-29.9997,0.000256241,0.000171495,10.0002,-10.0008,-0.000899328,14.9011,-9.97802,30.3736,391.841799020767,-78.5032957792282,-243.901148438454
220,91.8,263.4546,131.7273,-27.9549,0.000256241,0.000171495,5.04378,-7.94508,-0.000899328,14.989,-9.8022,30.1978,391.841799020767,-78.5032957792282,-243.901148438454
206,53,244.5,95,-9.99912,0.000256241,0.000171495,-20.0017,-0.000105683,0.0025098,14.3736,1.18681,30.1099,391.841799020767,-78.5032957792282,-243.901148438454
322,410.8,365.4445,447.2222,-5.07263,0.000256241,0.000171495,4.9203,18.9785,-0.0111267,-14.9011,9.89011,9.18681,410.432666540146,-18.0039573460817,-243.252456188202
368.4445,211.2222,409.8,249.9,-10.0001,0.000256241,0.000171495,-0.000446343,19.9996,-0.000899328,-15.0769,9.89011,31.5165,410.432666540146,-18.0039573460817,-243.252456188202
391.375,190.875,427.8182,234.4545,-10.0001,0.000256241,0.000171495,-4.96144,15.0614,-0.017945,-14.989,9.97802,31.956,410.432666540146,-18.0039573460817,-243.252456188202
268.125,24.875,302.7778,61.44444,-20.0002,0.000256241,0.000171495,-10.0002,10.0006,-0.000899328,0.043956,-9.97802,31.6044,410.432666540146,-18.0039573460817,-243.252456188202
270,16.2,304,55,-18.0574,0.000256241,0.000171495,-14.7709,10.0006,-0.000899328,-0.043956,-10.0659,30.989,410.432666540146,-18.0039573460817,-243.252456188202
388.75,85.625,419,125.5714,-10.0007,0.000256241,0.000171495,0.00138293,-10.0059,0.0025098,0.043956,-9.97802,41.2747,410.432666540146,-18.0039573460817,-243.252456188202
385.6,96.6,414.5,137.8,-10.0007,0.000256241,0.000171495,-0.000446343,-7.94679,-0.00430846,0.043956,-10.0659,40.4835,410.432666540146,-18.0039573460817,-243.252456188202
326.7143,118,359,156.5,0.00195768,0.000256241,0.000171495,-10.0002,-0.000105683,0.0025098,0.043956,-9.97802,39.956,410.432666540146,-18.0039573460817,-243.252456188202
328,99,360,142,-0.978419,0.000256241,0.000171495,-14.7151,0.00159888,-0.000899328,0.835165,-8.3956,38.9011,410.432666540146,-18.0039573460817,-243.252456188202
365.4286,59.14286,403.1111,96,-10.0001,0.000256241,0.000171495,-19.9999,-0.000105683,-0.00430846,0.21978,-0.21978,29.8462,410.432666540146,-18.0039573460817,-243.252456188202
378.7,51,410.4286,90.14286,-10.0001,0.000256241,0.000171495,-19.9999,-4.93823,0.0195554,0.21978,-0.21978,32.2198,410.432666540146,-18.0039573460817,-243.252456188202
252.5714,220.8571,297.9,259.2,-25.2429,0.000256241,0.000171495,-1.9221,14.7887,0.0229646,0.131868,9.89011,11.6484,410.432666540146,-18.0039573460817,-243.252456188202
299,125.7143,339.2222,163.1111,-20.0007,0.000256241,0.000171495,-10.0002,9.99717,0.00591893,0.131868,10.0659,21.5824,410.432666540146,-18.0039573460817,-243.252456188202
242.4,282.6,278.6667,323.1667,-9.99912,0.000256241,0.000171495,10.0011,20.003,-0.000899328,-0.043956,9.97802,29.9341,410.432666540146,-18.0039573460817,-243.252456188202
256,264,288.7778,308.2222,-14.7883,0.000256241,0.000171495,8.05019,15.1688,-0.00771759,0.835165,9.36264,29.3187,410.432666540146,-18.0039573460817,-243.252456188202
328.5714,40.14286,365.4,84.8,-20.0002,0.000256241,0.000171495,-10.0002,-20.0066,-0.000899328,15.5165,-11.033,30.1099,410.432666540146,-18.0039573460817,-243.252456188202
329.4445,43.66667,364.7143,90.85714,-20.0002,0.000256241,0.000171495,-8.05748,-18.0924,-0.00430846,14.989,-10.2418,30.1978,410.432666540146,-18.0039573460817,-243.252456188202
237.4286,109.4286,272.6667,148.8333,-20.0002,0.000256241,0.000171495,-0.000446343,-0.000105683,-0.00430846,14.989,-0.043956,31.3407,410.432666540146,-18.0039573460817,-243.252456188202
243,94,276.9091,126.8182,-20.0002,0.000256241,0.000171495,-4.83156,-1.94331,-0.00430846,14.989,-0.043956,31.956,410.432666540146,-18.0039573460817,-243.252456188202
366.75,118,412.7143,164.7143,-24.94,0.000256241,0.000171495,-17.9639,-17.9492,-0.00430846,14.9011,9.89011,11.8242,410.432666540146,-18.0039573460817,-243.252456188202
292.25,212.75,324.2222,250.8889,0.0014452,0.000256241,0.000171495,-0.000446343,-0.000105683,-0.00430846,15.2527,10.3297,40.3956,410.432666540146,-18.0039573460817,-243.252456188202
360.625,246.5,404.7778,291.6667,-2.01517,0.000256241,0.000171495,-14.9026,4.94313,-0.00430846,0.571429,-9.89011,21.8462,417.081445455551,45.9829308092594,-246.84152007103
380.8462,116.3846,418,153,-0.000604728,0.000256241,0.000171495,-19.9999,-0.00351481,0.0025098,-0.131868,-9.89011,31.5165,417.081445455551,45.9829308092594,-246.84152007103
140.5556,210.5556,180.7143,249.2857,-19.9997,0.000256241,0.000171495,-0.000446343,20.003,-0.000899328,14.8132,9.8022,21.5824,417.081445455551,45.9829308092594,-246.84152007103
437.5,70.5,472.75,104.75,-12.1111,0.000256241,0.000171495,-19.9999,-17.8742,-0.00430846,14.8132,9.71429,31.2527,417.081445455551,45.9829308092594,-246.84152007103
398,161.4,448,197,-30.0002,0.000256241,0.000171495,-10.0002,20.0013,0.0025098,-14.989,0.043956,10.0659,421.382546424866,114.764831960201,-243.066921830177
332,255.4,378.9167,291.5833,-15.0742,0.000256241,0.000171495,-5.07851,14.9592,-0.0111267,0.131868,0.043956,10.0659,421.382546424866,114.764831960201,-243.066921830177
165,5,201.1,41.9,-30.0002,0.000256241,0.000171495,-0.000446343,20.003,-0.000899328,14.989,-10.0659,30.1099,421.382546424866,114.764831960201,-243.066921830177
166,9.4,201,46.85714,-25.1998,0.000256241,0.000171495,-4.79406,20.003,-0.000899328,15.0769,-9.27473,31.7802,421.382546424866,114.764831960201,-243.066921830177
221,152.8571,253.375,192.25,-9.99861,0.000256241,0.000171495,10.0002,10.0006,0.00591893,14.9011,-10.0659,40.3077,421.382546424866,114.764831960201,-243.066921830177
350,299,388.5,338.5,-10.0001,0.000256241,0.000171495,10.0011,0.00159888,-0.000899328,15.0769,10.0659,29.9341,421.382546424866,114.764831960201,-243.066921830177
368,309,406.6667,348.8333,-5.18435,0.000256241,0.000171495,5.19103,-4.82743,0.0161463,14.9011,9.8022,30.989,421.382546424866,114.764831960201,-243.066921830177
226,237,261,276,-0.000604728,0.000256241,0.000171495,-0.000446343,20.0013,0.0025098,15.1648,10.3297,40.2198,421.382546424866,114.764831960201,-243.066921830177
361.4286,130,405.1,169.8,-1.95316,0.000256241,0.000171495,-19.9999,19.4064,-0.00771759,0.131868,0.043956,30.8132,423.966318368912,218.371674418449,-217.856496572495
212.9091,138.0909,249.7,175.1,-20.0002,0.000256241,0.000171495,10.0002,20.003,-0.000899328,14.989,-10.0659,30.1099,423.966318368912,218.371674418449,-217.856496572495
215.4286,138.7143,253.25,174.875,-20.0002,0.000256241,0.000171495,5.09865,19.3859,-0.000899328,15.4286,-7.51648,29.0549,423.966318368912,218.371674418449,-217.856496572495
338,217.4,379.2857,254.8571,-10.0001,0.000256241,0.000171495,-0.000446343,10.0006,-0.000899328,14.989,9.97802,31.7802,423.966318368912,218.371674418449,-217.856496572495
359,202,404,240.1429,-30.0018,0.000256241,0.000171495,10.0011,19.9996,-0.000899328,0.659341,-11.2967,10.0659,465.899646282196,250.558018684387,-163.137376308441
356.8571,297.8571,403.8889,340.5555,-9.99861,0.000256241,0.000171495,-0.000446343,19.9996,-0.000899328,0.043956,-9.89011,10.0659,465.899646282196,250.558018684387,-163.137376308441
325.9091,52,357.1111,86,-9.99861,0.000256241,0.000171495,0.00138293,10.0006,-0.000899328,14.989,-10.0659,40.044,465.899646282196,250.558018684387,-163.137376308441
329.8,65.7,362.7,105.2,-9.99912,0.000256241,0.000171495,4.9203,8.97613,0.0025098,15.5165,-7.34066,39.4286,465.899646282196,250.558018684387,-163.137376308441
380.3,62.8,414.3,95.7,-20.0002,0.000256241,0.000171495,10.0011,10.0006,-0.000899328,14.989,0.131868,41.5385,465.899646282196,250.558018684387,-163.137376308441
501,55,556.75,83,-30.0002,0.000256241,0.000171495,-19.999,20.003,-0.000899328,-15.1648,-10.0659,10.2418,491.327583789825,238.368958234787,-107.175402343273
431,198,475.7143,237.2857,-20.0002,0.000256241,0.000171495,-0.000446343,10.0006,-0.000899328,0.395604,-10.1538,10.3297,491.327583789825,238.368958234787,-107.175402343273
438.1111,176.2222,480.8889,221.7778,-20.0002,0.000256241,0.000171495,-4.79223,8.99488,-0.00771759,0.131868,-9.53846,11.9121,491.327583789825,238.368958234787,-107.175402343273
499,278,542.75,319.5,-9.22467e-05,0.000256241,0.000171495,-0.000446343,-0.000105683,-0.00430846,-0.043956,-10.1538,20,491.327583789825,238.368958234787,-107.175402343273
495,244.8,537.1,274.9,-4.88609,0.000256241,0.000171495,-4.88461,2.0181,0.0025098,0.043956,-9.97802,20.0879,491.327583789825,238.368958234787,-107.175402343273
397,89.9,440.8,121.6,-29.9997,0.000256241,0.000171495,-0.000446343,19.9996,-0.000899328,-0.043956,-0.043956,20.0879,491.327583789825,238.368958234787,-107.175402343273
400,97.625,444.5,133.8,-25.0881,0.000256241,0.000171495,-2.0035,17.9831,0.00932806,-0.043956,-0.043956,20.0879,491.327583789825,238.368958234787,-107.175402343273
501,189.5,554,220.75,-4.97834,0.000256241,0.000171495,-10.0002,4.93972,-0.00430846,0.21978,-0.131868,20,491.327583789825,238.368958234787,-107.175402343273
388.6,49.6,423.5555,85.11111,-10.0001,0.000256241,0.000171495,-19.9999,-0.000105683,-0.00430846,14.7253,-10.1538,20.0879,491.327583789825,238.368958234787,-107.175402343273
387.6667,52.66667,423.6667,90.22222,-10.0007,0.000256241,0.000171495,-18.9325,-0.000105683,-0.00430846,14.8132,-9.97802,19.9121,491.327583789825,238.368958234787,-107.175402343273
385,282.5714,421,323.5,-9.22467e-05,0.000256241,0.000171495,0.0032122,0.00159888,-0.000899328,14.989,-9.97802,19.9121,491.327583789825,238.368958234787,-107.175402343273
400.6667,268.3333,431.6,315.2,-1.00763,0.000256241,0.000171495,-1.96234,-4.75925,-0.0111267,15.1648,-9.89011,21.4066,491.327583789825,238.368958234787,-107.175402343273
506.9091,26.72727,545.9231,55.76923,-29.9997,0.000256241,0.000171495,10.002,-0.00181025,-0.000899328,14.7253,10.4176,40.2198,491.327583789825,238.368958234787,-107.175402343273
531.5,179,579.6667,216.6667,-20.0007,0.000256241,0.000171495,10.0002,10.0006,-0.000899328,-15.0769,-10.4176,19.7363,520.775973796844,184.304624795914,-65.0864169001579
517.4545,157.8182,567.7778,202.2222,-24.8406,0.000256241,0.000171495,5.26512,14.7887,0.0161463,-14.7253,-7.51648,19.7363,520.775973796844,184.304624795914,-65.0864169001579
543,260,590.3333,303.2222,-0.000604728,0.000256241,0.000171495,-0.000446343,-9.99567,-0.00430846,-0.307692,-10.0659,21.3187,520.775973796844,184.304624795914,-65.0864169001579
430.1111,11.88889,456.2667,40.13334,-9.99758,0.000256241,0.000171495,-0.000446343,10.0074,-0.000899328,0.043956,-10.0659,39.956,520.775973796844,184.304624795914,-65.0864169001579
435.2,9.8,460.5,39,-11.9414,0.000256241,0.000171495,-1.93124,9.00852,-0.00771759,0.923077,-8.30769,38.989,520.775973796844,184.304624795914,-65.0864169001579
370.75,93.25,409.75,124.5625,-19.9992,0.000256241,0.000171495,-10.0002,20.003,-0.000899328,-0.043956,-0.043956,18.3297,520.775973796844,184.304624795914,-65.0864169001579
389.6667,95.22222,435,129.8333,-19.9992,0.000256241,0.000171495,-5.04101,15.0205,-0.00430846,0.043956,-0.043956,21.5824,520.775973796844,184.304624795914,-65.0864169001579
531.7273,65.36364,569.8889,95.11111,-9.99861,0.000256241,0.000171495,-10.0002,-0.000105683,0.0025098,0.131868,0.043956,31.5165,520.775973796844,184.304624795914,-65.0864169001579
418,63.22222,452.4375,90.8125,0.000932716,0.000256241,0.000171495,-10.0002,20.003,-0.000899328,0.131868,0.043956,41.3626,520.775973796844,184.304624795914,-65.0864169001579
550.5,30.8,595.8666,54.53333,-20.0002,0.000256241,0.000171495,0.000468294,10.0057,-0.00430846,0.131868,9.8022,41.4505,520.775973796844,184.304624795914,-65.0864169001579
491.2,57.7,514,97.36364,-10.0007,0.000256241,0.000171495,10.0002,-20.0015,-0.00430846,15.6044,-11.033,40.2198,520.775973796844,184.304624795914,-65.0864169001579
496.4286,44.57143,518.8461,87.07692,-14.9041,0.000256241,0.000171495,10.0002,-19.3861,0.0127372,15.6044,-8.74725,39.1648,520.775973796844,184.304624795914,-65.0864169001579
375.9167,25.66667,399,56.57143,-20.0002,0.000256241,0.000171495,10.0002,10.004,-0.000899328,14.989,0.043956,40.044,520.775973796844,184.304624795914,-65.0864169001579
387.9091,26.72727,416.625,60.75,-18.0323,0.000256241,0.000171495,8.04196,5.1937,0.0127372,14.989,-0.043956,40.1319,520.775973796844,184.304624795914,-65.0864169001579
445,37.14286,478.5,69.16666,-9.99963,0.000256241,0.000171495,-19.9999,-0.000105683,0.0025098,15.1648,10.1538,30.1099,520.775973796844,184.304624795914,-65.0864169001579
438.7273,53.72727,470.2308,96.46154,-5.20178,0.000256241,0.000171495,-19.0011,1.95162,0.00591893,14.989,9.97802,30.022,520.775973796844,184.304624795914,-65.0864169001579
511.7778,11.11111,548.8182,33.81818,-29.9997,0.000256241,0.000171495,10.0002,10.0023,0.0025098,-15.0769,-10.1538,30.1099,529.632449150085,114.828154444695,-48.0880029499531
511.5,13.5,547.25,36.08333,-28.9912,0.000256241,0.000171495,8.0319,10.0006,-0.000899328,-15.0769,-10.0659,30.1099,529.632449150085,114.828154444695,-48.0880029499531
376.3333,34.66667,408.7692,65.61539,-30.0002,0.000256241,0.000171495,-10.0002,10.0057,-0.00430846,0.659341,-11.2967,10.0659,529.632449150085,114.828154444695,-48.0880029499531
308.4,80,335.6923,111.3846,-30.0008,0.000256241,0.000171495,10.0002,19.9996,-0.000899328,-0.043956,-10.0659,20.0879,529.632449150085,114.828154444695,-48.0880029499531
311.4615,80.38461,338.0588,113.1765,-30.0002,0.000256241,0.000171495,8.9694,18.9819,-0.00430846,-0.043956,-9.97802,20.0879,529.632449150085,114.828154444695,-48.0880029499531
500.8571,371.1429,539.7,426,-4.97834,0.000256241,0.000171495,8.9383,-5.02175,-0.017945,0.21978,-0.131868,9.89011,529.632449150085,114.828154444695,-48.0880029499531
529,37,567.2727,65.81818,-10.0001,0.000256241,0.000171495,-19.9999,-0.000105683,-0.00430846,0.131868,9.8022,30.022,529.632449150085,114.828154444695,-48.0880029499531
530.5555,37.44444,568.6667,67,-10.0001,0.000256241,0.000171495,-18.0362,-0.00181025,-0.000899328,-0.043956,9.36264,31.6044,529.632449150085,114.828154444695,-48.0880029499531
170.1111,340,199.9167,380.25,0.000932716,0.000256241,0.000171495,10.002,20.0013,0.0025098,14.8132,-10.0659,20,529.632449150085,114.828154444695,-48.0880029499531
170.3,344,199.3636,383.8182,-2.02747,0.000256241,0.000171495,8.9758,20.003,-0.000899328,15.8681,-8.04396,19.3846,529.632449150085,114.828154444695,-48.0880029499531
288.4546,213.2727,313.6,252.4,-9.22467e-05,0.000256241,0.000171495,-0.000446343,10.0006,-0.000899328,15.0769,-0.131868,30.022,529.632449150085,114.828154444695,-48.0880029499531
293.7273,200.1818,317.2727,240.6364,-5.03317,0.000256241,0.000171495,-2.08673,7.8801,0.00591893,15.7802,2.24176,27.5604,529.632449150085,114.828154444695,-48.0880029499531
442.4167,165.5833,475.1538,203.7692,-10.0001,0.000256241,0.000171495,-10.0002,-10.0042,-0.000899328,14.7253,9.89011,20,529.632449150085,114.828154444695,-48.0880029499531
436.3333,169.1111,471.0909,207.4545,-10.0001,0.000256241,0.000171495,-7.95413,-7.92292,0.00932806,14.8132,9.71429,20.7033,529.632449150085,114.828154444695,-48.0880029499531
461.8571,38.07143,496,65.09091,-29.9997,0.000256241,0.000171495,-0.000446343,10.0006,-0.000899328,-15.0769,-10.3297,19.8242,530.009984970093,45.4306416213512,-35.133995115757
464.7778,26.22222,497.3333,54.16667,-28.0057,0.000256241,0.000171495,-4.86723,8.96591,-0.00430846,-14.989,-10.2418,19.9121,530.009984970093,45.4306416213512,-35.133995115757
553,71.88889,593.2308,101.7692,-20.0007,0.000256241,0.000171495,-10.0002,-0.000105683,0.0025098,-15.3407,-0.21978,20,530.009984970093,45.4306416213512,-35.133995115757
407.2,213.8,446.7333,253.2,-30.0002,0.000256241,0.000171495,10.0002,20.003,-0.000899328,-14.9011,9.89011,10.0659,530.009984970093,45.4306416213512,-35.133995115757
410.125,213.625,453.1333,250.6667,-27.9457,0.000256241,0.000171495,7.94958,18.9547,-0.00430846,-14.7253,9.97802,12.4396,530.009984970093,45.4306416213512,-35.133995115757
491.5385,132.0769,531.6667,162.6667,0.000420235,0.000256241,0.000171495,-0.000446343,20.003,-0.000899328,-14.6374,10.2418,40.2198,530.009984970093,45.4306416213512,-35.133995115757
496.6364,124.6364,536.1667,155.1667,-1.06144,0.000256241,0.000171495,-4.97882,17.9779,0.00591893,-14.2857,9.53846,39.6044,530.009984970093,45.4306416213512,-35.133995115757
395.7143,68.35714,412.3333,99.44444,-10.0001,0.000256241,0.000171495,10.0002,10.0006,-0.000899328,0.043956,0.131868,40.2198,530.009984970093,45.4306416213512,-35.133995115757
379.25,72.91666,385.7895,103.2105,-10.0001,0.000256241,0.000171495,10.0002,14.7699,0.00591893,0.043956,0.043956,40.044,530.009984970093,45.4306416213512,-35.133995115757
253.5833,197.9167,282.4,236.6,-9.22467e-05,0.000256241,0.000171495,-10.0011,-0.000105683,0.0025098,15.7802,-11.3846,20,530.009984970093,45.4306416213512,-35.133995115757
271.8,191.8,295.5833,231.9167,-9.22467e-05,0.000256241,0.000171495,-10.0002,-4.7763,-0.0111267,15.6923,-10.1538,21.8462,530.009984970093,45.4306416213512,-35.133995115757
438.9,55.5,472,97,-30.0002,0.000256241,0.000171495,-10.0002,-19.9998,-0.000899328,14.8132,9.62637,9.71429,530.009984970093,45.4306416213512,-35.133995115757
434.8,71.8,467.9333,111.4,-30.0002,0.000256241,0.000171495,-5.19101,-18.0532,-0.00771759,14.989,9.8022,9.97802,530.009984970093,45.4306416213512,-35.133995115757
440,384.6,476.625,425.25,0.000420235,0.000256241,0.000171495,-0.000446343,-19.9998,-0.000899328,15.1648,9.97802,10.0659,530.009984970093,45.4306416213512,-35.133995115757
439.4286,380.5714,474.5714,421.1429,-0.994819,0.000256241,0.000171495,-0.000446343,-19.0111,-0.000899328,15.1648,10.4176,12,530.009984970093,45.4306416213512,-35.133995115757
568.2308,76.84615,594.9333,109,-0.000604728,0.000256241,0.000171495,-0.000446343,-10.0042,-0.000899328,-15.2527,0.043956,39.956,525.16508102417,-25.6202220916748,-19.8192428797483
566.9231,62.69231,595.0714,92.78571,-4.93939,0.000256241,0.000171495,-0.000446343,-10.0008,-0.000899328,-14.6374,0.835165,39.7802,525.16508102417,-25.6202220916748,-19.8192428797483
518.7333,45.46667,553.5555,68.44444,0.000420235,0.000256241,0.000171495,-10.0002,10.004,-0.000899328,-14.8132,10.2418,40.3956,525.16508102417,-25.6202220916748,-19.8192428797483
520.7333,37.2,554,61.09524,-4.88558,0.000256241,0.000171495,-10.0002,7.97214,-0.000899328,-13.8462,9.27473,39.0769,525.16508102417,-25.6202220916748,-19.8192428797483
395.7692,196.1538,422.7059,235.1765,-9.99912,0.000256241,0.000171495,-0.00136098,-10.0025,0.0025098,0.747253,-11.2967,18.5934,525.16508102417,-25.6202220916748,-19.8192428797483
294.2222,175.8889,323.5,214.6,-29.9997,0.000256241,0.000171495,10.0011,10.0006,-0.000899328,0.043956,-0.131868,8.92308,525.16508102417,-25.6202220916748,-19.8192428797483
318,189.5,346,228.7778,-25.186,0.000256241,0.000171495,10.0002,5.22268,0.0161463,0.21978,0.131868,11.6484,525.16508102417,-25.6202220916748,-19.8192428797483
374.0833,113,402.2727,150.0909,-9.99912,0.000256241,0.000171495,-10.0011,-0.000105683,-0.00430846,0.043956,-0.043956,20.0879,525.16508102417,-25.6202220916748,-19.8192428797483
374.1,90.9,402.3333,127.8333,-14.7908,0.000256241,0.000171495,-14.7691,-0.000105683,-0.00430846,0.747253,2.59341,17.3626,525.16508102417,-25.6202220916748,-19.8192428797483
308.7143,366.7143,342.6,408.1,-9.22467e-05,0.000256241,0.000171495,-0.000446343,10.0006,-0.000899328,0.131868,9.8022,9.97802,525.16508102417,-25.6202220916748,-19.8192428797483
292.8889,378.1111,326.6,420.8,-1.05222,0.000256241,0.000171495,4.9578,14.92,0.0127372,0.131868,9.8022,12.0879,525.16508102417,-25.6202220916748,-19.8192428797483
167,37.85714,198.0909,79.18182,-29.9997,0.000256241,0.000171495,-10.0002,10.0006,-0.000899328,15.0769,-0.131868,8.83516,525.16508102417,-25.6202220916748,-19.8192428797483
181,57.66667,212.125,100.125,-27.8883,0.000256241,0.000171495,-4.9276,4.967,0.00932806,15.1648,0.043956,9.27473,525.16508102417,-25.6202220916748,-19.8192428797483
176.6667,9.444445,200.4167,52.5,-19.9997,0.000256241,0.000171495,-10.0002,10.0023,0.0025098,14.989,0.043956,21.8462,525.16508102417,-25.6202220916748,-19.8192428797483
178.1538,37.53846,203.5455,80,-19.9997,0.000256241,0.000171495,-5.2276,8.99659,-0.00430846,14.989,0.043956,20.7912,525.16508102417,-25.6202220916748,-19.8192428797483
389.5454,344.3636,417.9167,382.0833,-9.22467e-05,0.000256241,0.000171495,9.99928,-20.0049,-0.00430846,14.989,0.043956,19.9121,525.16508102417,-25.6202220916748,-19.8192428797483
389.1111,331.4445,417.3333,368.3333,-4.84663,0.000256241,0.000171495,10.0002,-19.4049,0.0025098,14.989,0.043956,21.2308,525.16508102417,-25.6202220916748,-19.8192428797483
208.7143,4.142857,219.6667,44.4,-9.22467e-05,0.000256241,0.000171495,-10.0002,10.0006,-0.000899328,14.989,0.043956,40.1319,525.16508102417,-25.6202220916748,-19.8192428797483
281.5,151.125,310.8824,190.7059,-9.22467e-05,0.000256241,0.000171495,-19.9999,-0.000105683,-0.00430846,14.8132,9.97802,18.3297,525.16508102417,-25.6202220916748,-19.8192428797483
352.5555,12.22222,377.2727,44.54546,-30.0028,0.000256241,0.000171495,-0.000446343,10.0006,-0.000899328,-14.989,-10.2418,19.9121,519.515335559845,-90.5531197786331,-6.74642296507955
366.2727,22.18182,391.1818,56.09091,-25.144,0.000256241,0.000171495,-1.93307,5.20734,0.0127372,-14.9011,-9.97802,19.9121,519.515335559845,-90.5531197786331,-6.74642296507955
332.2857,2.571429,352.1429,27.78572,-20.0002,0.000256241,0.000171495,0.000468294,20.003,-0.000899328,-14.989,0.043956,30.1978,519.515335559845,-90.5531197786331,-6.74642296507955
478.1111,210.8889,513,250.6,0.000420235,0.000256241,0.000171495,-10.0002,-0.00181025,-0.000899328,-14.989,9.89011,18.4176,519.515335559845,-90.5531197786331,-6.74642296507955
417.1429,181.1429,444,223.0625,-10.0001,0.000256241,0.000171495,-0.000446343,-20.0015,-0.00430846,0.659341,-11.3846,19.9121,519.515335559845,-90.5531197786331,-6.74642296507955
411.5,179.5,437.3529,220.8235,-10.0001,0.000256241,0.000171495,-0.000446343,-18.0242,-0.0111267,0.659341,-11.033,20.1758,519.515335559845,-90.5531197786331,-6.74642296507955
177.9091,103.7273,202.6667,140.5,-19.9997,0.000256241,0.000171495,-0.000446343,20.003,-0.000899328,0.043956,-0.131868,18.4176,519.515335559845,-90.5531197786331,-6.74642296507955
386.2,25.2,412.1429,64.71429,-10.0007,0.000256241,0.000171495,-19.999,-10.0025,0.0025098,0.131868,0.043956,20.0879,519.515335559845,-90.5531197786331,-6.74642296507955
400.9286,41.57143,429.0714,82.5,-5.26276,0.000256241,0.000171495,-19.0167,-14.7787,-0.00430846,0.131868,0.043956,21.7582,519.515335559845,-90.5531197786331,-6.74642296507955
167.6364,39.54546,201.3,85.2,-20.0002,0.000256241,0.000171495,-19.999,-0.00181025,-0.000899328,14.989,-9.8022,10.0659,519.515335559845,-90.5531197786331,-6.74642296507955
172.5833,39.91667,203.875,85.25,-20.0002,0.000256241,0.000171495,-18.0362,-1.97399,0.0025098,14.989,-9.62637,12,519.515335559845,-90.5531197786331,-6.74642296507955
79.77778,95,111.9231,138.2308,-20.0002,0.000256241,0.000171495,-0.000446343,10.0023,0.0025098,14.8132,-10.1538,20.0879,519.515335559845,-90.5531197786331,-6.74642296507955
80.30769,86.07692,112.5,128.3571,-20.0002,0.000256241,0.000171495,-2.05655,8.94034,-0.000899328,15.8681,-8.04396,22.022,519.515335559845,-90.5531197786331,-6.74642296507955
202.9286,142.6429,223.2857,184.7857,-10.0007,0.000256241,0.000171495,10.002,-0.000105683,-0.00430846,14.7253,0.395604,30.022,519.515335559845,-90.5531197786331,-6.74642296507955
340.55,27.8,351.9333,75.6,-10.0001,0.000256241,0.000171495,10.0011,-20.0032,-0.000899328,14.989,-0.043956,39.956,519.515335559845,-90.5531197786331,-6.74642296507955
336.3125,22.5,347.8333,67.27778,-12.005,0.000256241,0.000171495,5.11786,-17.9901,-0.017945,15.4286,1.71429,38.7253,519.515335559845,-90.5531197786331,-6.74642296507955
448.4546,179.1818,489.875,219,-20.0002,0.000256241,0.000171495,-0.000446343,-10.0008,-0.000899328,-14.9011,-10.0659,10.2418,498.893439769745,-159.547030925751,-7.38312350586057
436,155,468.9375,188.6875,-24.7699,0.000256241,0.000171495,-0.000446343,-5.20414,-0.0281724,-15.2527,-9.36264,11.9121,498.893439769745,-159.547030925751,-7.38312350586057
264,181.7,286.75,219.75,0.000932716,0.000256241,0.000171495,-0.000446343,10.004,-0.000899328,-14.9011,-9.97802,29.7582,498.893439769745,-159.547030925751,-7.38312350586057
278.5294,194.9412,303.6923,236.2308,0.000420235,0.000256241,0.000171495,4.8828,5.12893,0.0127372,-14.9011,-9.8022,31.3407,498.893439769745,-159.547030925751,-7.38312350586057
468.8571,250.4286,504.4546,291.2727,-19.9997,0.000256241,0.000171495,10.0002,-10.0008,-0.000899328,-14.8132,-0.043956,8.65934,498.893439769745,-159.547030925751,-7.38312350586057
463,245.1429,497.8,284.3,-17.9277,0.000256241,0.000171495,8.94104,-8.93714,-0.000899328,-14.7253,-0.043956,11.9121,498.893439769745,-159.547030925751,-7.38312350586057
496.1429,39.85714,530.1111,74.22222,-9.99912,0.000256241,0.000171495,-20.0017,-10.0025,0.0025098,-14.989,9.97802,18.4176,498.893439769745,-159.547030925751,-7.38312350586057
439.6667,230.3333,470.5454,269.7273,-10.0001,0.000256241,0.000171495,10.0011,-0.000105683,0.0025098,-14.8132,9.97802,20.1758,498.893439769745,-159.547030925751,-7.38312350586057
443.5454,243,476.25,285.75,-5.20332,0.000256241,0.000171495,9.00141,-1.94161,-0.000899328,-14.9011,10.0659,21.9341,498.893439769745,-159.547030925751,-7.38312350586057
193.4545,114.0909,207.2727,153.5455,0.000420235,0.000256241,0.000171495,10.002,10.0006,-0.000899328,0.131868,0.131868,40.4835,498.893439769745,-159.547030925751,-7.38312350586057
152.4286,83.42857,187.7273,129.5455,-30.0002,0.000256241,0.000171495,10.0002,-10.0008,-0.000899328,14.9011,-9.8022,20.0879,498.893439769745,-159.547030925751,-7.38312350586057
150,82.33334,184.7,130,-29.9997,0.000256241,0.000171495,10.0002,-8.94396,-0.00771759,14.9011,-9.89011,20.0879,498.893439769745,-159.547030925751,-7.38312350586057
44.71429,337.2857,84.66666,371.3333,0.00195768,0.000256241,0.000171495,10.0002,10.0006,-0.000899328,14.9011,-9.97802,20,498.893439769745,-159.547030925751,-7.38312350586057
61.77778,328.7778,96.5,367.25,-0.995844,0.000256241,0.000171495,9.00781,5.22268,0.0161463,14.9011,-10.4176,21.7582,498.893439769745,-159.547030925751,-7.38312350586057
73.375,118.625,114.7778,161.1111,-20.0002,0.000256241,0.000171495,-10.0002,10.0023,0.0025098,15.0769,-0.131868,8.83516,498.893439769745,-159.547030925751,-7.38312350586057
78.125,116.125,117,158,-15.1854,0.000256241,0.000171495,-14.8075,8.99829,-0.000899328,15.1648,0.131868,10.1538,498.893439769745,-159.547030925751,-7.38312350586057
291.1111,223.8889,316.9167,263.75,-9.22467e-05,0.000256241,0.000171495,10.002,-20.0015,-0.00430846,14.989,0.131868,30.1978,498.893439769745,-159.547030925751,-7.38312350586057
476.875,332,515.4445,372.2222,-10.0007,0.000256241,0.000171495,10.0002,-19.9998,-0.000899328,-14.989,-10.1538,10.2418,467.675656080246,-226.358607411385,-11.7730246856809
462.5,339.7,497.5,379.5,-4.99935,0.000256241,0.000171495,5.00262,-14.9952,0.0127372,-15.2527,-9.45055,11.9121,467.675656080246,-226.358607411385,-11.7730246856809
210.25,255.875,245.5,294.5,-10.0001,0.000256241,0.000171495,-0.000446343,20.003,-0.000899328,-15.2527,0.131868,9.97802,467.675656080246,-226.358607411385,-11.7730246856809
223.5556,228.2222,264,259,-11.9855,0.000256241,0.000171495,-4.84985,15.1535,-0.0111267,-14.7253,-0.043956,10.1538,467.675656080246,-226.358607411385,-11.7730246856809
389.6667,11.77778,424.7,47.7,-20.0002,0.000256241,0.000171495,-19.999,-0.00181025,-0.000899328,-15.5165,11.5604,9.97802,467.675656080246,-226.358607411385,-11.7730246856809
333.7,250.8,366,289.4,-10.0001,0.000256241,0.000171495,10.0002,-19.9998,-0.000899328,0.131868,-9.8022,20,467.675656080246,-226.358607411385,-11.7730246856809
328.5555,257.2222,364,292.4286,-10.0001,0.000256241,0.000171495,10.0002,-18.06,-0.000899328,0.571429,-7.95604,18.1538,467.675656080246,-226.358607411385,-11.7730246856809
217.8889,68.44444,246.3333,109.8889,-9.22467e-05,0.000256241,0.000171495,-10.0002,-0.000105683,0.0025098,0.043956,0.043956,31.6044,467.675656080246,-226.358607411385,-11.7730246856809
215.3333,68.88889,239.8571,110,-1.00968,0.000256241,0.000171495,-10.0002,1.97889,-0.000899328,-0.043956,-0.043956,31.8681,467.675656080246,-226.358607411385,-11.7730246856809
376.3333,18,412.3333,60.66667,-19.9992,0.000256241,0.000171495,-19.9999,-19.9998,-0.000899328,0.131868,9.8022,8.65934,467.675656080246,-226.358607411385,-11.7730246856809
365.75,51.5,400,103.5385,-15.2039,0.000256241,0.000171495,-15.2273,-15.1997,0.0127372,0.131868,9.89011,9.18681,467.675656080246,-226.358607411385,-11.7730246856809
244.2,242.8,284.125,281.125,-19.9997,0.000256241,0.000171495,10.0011,-19.9998,-0.000899328,15.0769,-0.043956,10.0659,467.675656080246,-226.358607411385,-11.7730246856809
242.3333,245.6667,283.8,284.7,-15.2444,0.000256241,0.000171495,5.24683,-19.4066,-0.000899328,15.1648,0.043956,12.1758,467.675656080246,-226.358607411385,-11.7730246856809
280.5714,26.14286,314.2,65.7,-20.0002,0.000256241,0.000171495,-10.0002,-0.000105683,-0.00430846,-15.0769,-10.4176,19.7363,426.236629486084,-290.682256221771,-17.5272393971682
240.3333,247.3333,276.3,286.1,0.0014452,0.000256241,0.000171495,-0.000446343,10.004,-0.000899328,-14.9011,-0.131868,19.9121,426.236629486084,-290.682256221771,-17.5272393971682
245.8571,238,279.6,280.8,-1.03582,0.000256241,0.000171495,-0.000446343,7.98919,-0.00771759,-14.9011,0.131868,22.1099,426.236629486084,-290.682256221771,-17.5272393971682
300.2222,115,329.1818,154.8182,-10.0012,0.000256241,0.000171495,10.0029,-0.00351481,0.0025098,-14.989,0.131868,31.6044,426.236629486084,-290.682256221771,-17.5272393971682
429.6,115.9,466.9231,154.6923,0.0014452,0.000256241,0.000171495,0.000468294,-9.99738,-0.000899328,-15.0769,10.0659,31.5165,426.236629486084,-290.682256221771,-17.5272393971682
361.75,131.75,393,169.5,-9.22467e-05,0.000256241,0.000171495,-0.000446343,-0.000105683,0.0025098,-15.1648,9.97802,30.1099,426.236629486084,-290.682256221771,-17.5272393971682
367.75,143.75,397.5,180.8,-1.98647,0.000256241,0.000171495,4.8453,-2.02172,-0.00430846,-15.1648,9.89011,30.989,426.236629486084,-290.682256221771,-17.5272393971682
112.125,5.375,149.7778,53.66667,-19.9997,0.000256241,0.000171495,0.000468294,-0.000105683,0.0025098,0.043956,-9.97802,31.6044,426.236629486084,-290.682256221771,-17.5272393971682
115,22.28572,152.1,66.3,-15.1045,0.000256241,0.000171495,-1.99435,-0.000105683,-0.00430846,-0.043956,-10.0659,30.8132,426.236629486084,-290.682256221771,-17.5272393971682
211.8889,209.7778,251.8462,248.6923,-20.0002,0.000256241,0.000171495,9.99928,-0.000105683,-0.00430846,0.131868,9.89011,10.0659,426.236629486084,-290.682256221771,-17.5272393971682
227,207.5556,263,248.7692,-17.9995,0.000256241,0.000171495,5.13615,-4.92289,0.0025098,0.043956,9.97802,10.0659,426.236629486084,-290.682256221771,-17.5272393971682
290,67.22222,324.5555,109.5556,-9.99809,0.000256241,0.000171495,-10.0002,-10.0008,-0.000899328,0.043956,10.0659,19.9121,426.236629486084,-290.682256221771,-17.5272393971682
306.5,41.875,337.8,90.6,-12.0993,0.000256241,0.000171495,-15.0554,-15.1179,-0.00771759,-0.21978,9.8022,21.3187,426.236629486084,-290.682256221771,-17.5272393971682
232.625,19.875,262.0909,62,-19.9997,0.000256241,0.000171495,10.0011,0.00330345,0.0025098,0.043956,10.0659,30.1099,426.236629486084,-290.682256221771,-17.5272393971682
238.7,30.8,267.3636,72.45454,-14.9236,0.000256241,0.000171495,4.93128,-2.0899,0.0025098,-0.131868,9.8022,31.1648,426.236629486084,-290.682256221771,-17.5272393971682
127.1429,343.8571,175.5,377.1667,-5.26123,0.000256241,0.000171495,5.26878,-9.00532,-0.00771759,14.9011,-9.89011,10.0659,426.236629486084,-290.682256221771,-17.5272393971682
107.7143,292,150.4545,328.0909,0.000932716,0.000256241,0.000171495,10.0011,-0.000105683,0.0025098,14.989,9.97802,19.8242,426.236629486084,-290.682256221771,-17.5272393971682
117.6,289.1,166.8889,319.7778,-1.07118,0.000256241,0.000171495,10.0011,-4.95698,-0.00430846,14.989,9.62637,21.6703,426.236629486084,-290.682256221771,-17.5272393971682
307.5714,108.1429,349,148.5,-0.986619,0.000256241,0.000171495,-1.92301,-0.000105683,0.0025098,-14.9011,9.71429,31.4286,299.603015184402,-396.618068218231,-44.0610609948635
311,115.75,357.6154,157.0769,-4.77027,0.000256241,0.000171495,-1.94314,-8.03031,-0.000899328,-14.989,0.043956,31.3407,248.195439577103,-431.339174509048,-43.3215983211994
343.7,94.4,385.625,136.625,0.000420235,0.000256241,0.000171495,-10.0002,-20.0015,-0.00430846,-15.2527,-9.89011,19.9121,391.296625137329,-403.610497713089,188.564017415047
329.8,102.3,364.8333,146.5,-0.992256,0.000256241,0.000171495,-5.2468,-15.2031,0.0127372,-14.989,-9.36264,21.6703,391.296625137329,-403.610497713089,188.564017415047
288.8571,160.4286,334.1667,201.3333,-9.22467e-05,0.000256241,0.000171495,-10.0002,-20.0015,-0.00430846,0.043956,-0.043956,8.48352,391.296625137329,-403.610497713089,188.564017415047
111.8571,259.7143,155.6667,299.6667,-1.02711,0.000256241,0.000171495,7.99805,8.9642,-0.000899328,0.131868,9.97802,10.7692,391.296625137329,-403.610497713089,188.564017415047
278.8,108.3,312,147.75,-10.0007,0.000256241,0.000171495,10.0002,0.00330345,0.0025098,-15.3407,-0.043956,19.8242,445.097744464874,-343.177616596222,190.902128815651
285,121.8571,325.8889,171.4444,-5.20229,0.000256241,0.000171495,9.99928,-4.81209,0.0195554,-15.0769,-0.131868,20.1758,445.097744464874,-343.177616596222,190.902128815651
194.375,10.125,230.125,46.125,-29.9997,0.000256241,0.000171495,10.0002,19.9996,-0.000899328,-14.9011,9.89011,8.92308,445.097744464874,-343.177616596222,190.902128815651
199,4.416667,234.375,42.125,-28.9445,0.000256241,0.000171495,7.94958,18.9376,-0.017945,-14.8132,9.89011,11.2088,445.097744464874,-343.177616596222,190.902128815651
127.5,73.66666,176.5,119.8,0.00247016,0.000256241,0.000171495,-0.000446343,-10.0008,-0.000899328,-0.043956,-10.0659,30.022,445.097744464874,-343.177616596222,190.902128815651
125.5556,71.66666,176.375,119.625,-4.72978,0.000256241,0.000171495,4.73463,-10.0008,-0.000899328,0.043956,-9.97802,30.989,445.097744464874,-343.177616596222,190.902128815651
109.4286,72.57143,142.7273,112.0909,-10.0001,0.000256241,0.000171495,-0.000446343,20.003,-0.000899328,-14.989,-10.2418,19.9121,487.336695194244,-279.974639415741,190.902128815651
114.4286,65.71429,146,105.5,-10.0001,0.000256241,0.000171495,-0.000446343,17.9592,0.00932806,-15.1648,-9.36264,21.6703,487.336695194244,-279.974639415741,190.902128815651
250.5,58.16667,283.3636,96.27273,-20.0002,0.000256241,0.000171495,-0.000446343,10.0006,-0.000899328,-14.8132,-0.131868,8.92308,487.336695194244,-279.974639415741,190.902128815651
254.2222,52.33333,286.875,90.375,-15.2059,0.000256241,0.000171495,-4.79314,8.99829,-0.0145358,-14.022,2.06593,10.0659,487.336695194244,-279.974639415741,190.902128815651
255.75,20.125,291.75,67.75,0.000932716,0.000256241,0.000171495,-19.999,-19.9998,-0.000899328,0.043956,-9.89011,20,487.336695194244,-279.974639415741,190.902128815651
237.3333,6.111111,273.4546,56.45454,-2.04182,0.000256241,0.000171495,-18.9554,-15.0548,0.0025098,0.659341,-7.34066,22.5495,487.336695194244,-279.974639415741,190.902128815651
108,17.75,156.1111,72.44444,-19.9997,0.000256241,0.000171495,-0.000446343,-19.9998,-0.000899328,15.0769,-9.89011,20,487.336695194244,-279.974639415741,190.902128815651
116.4286,37.28571,163.3,89.5,-15.2054,0.000256241,0.000171495,4.78951,-19.9998,-0.000899328,14.9011,-9.8022,20,487.336695194244,-279.974639415741,190.902128815651
261.0909,208.6364,299.7778,247,0.000420235,0.000256241,0.000171495,-0.000446343,-19.9998,-0.000899328,15.0769,9.97802,9.97802,487.336695194244,-279.974639415741,190.902128815651
256.6667,203.2222,297.4286,250.0714,-4.92453,0.000256241,0.000171495,4.91939,-18.9668,-0.00771759,15.2527,10.4176,11.9121,487.336695194244,-279.974639415741,190.902128815651
83.7,61.4,115.6,106.8,-9.22467e-05,0.000256241,0.000171495,10.0002,10.0006,-0.000899328,15.0769,10.0659,29.9341,487.336695194244,-279.974639415741,190.902128815651
102.1667,59.08333,132.1538,103.6154,-9.22467e-05,0.000256241,0.000171495,10.0002,5.17154,-0.00430846,14.9011,9.8022,31.1648,487.336695194244,-279.974639415741,190.902128815651
356.3333,305.3333,392.1429,346.1429,-9.22467e-05,0.000256241,0.000171495,9.99928,-0.000105683,-0.00430846,-14.9011,-0.043956,8.65934,517.648577690125,-218.912839889526,190.902128815651
358,298.6364,393.3333,339.3333,-1.0517,0.000256241,0.000171495,9.99928,-2.02513,-0.00430846,-14.8132,-0.043956,10.1538,517.648577690125,-218.912839889526,190.902128815651
243.5714,60,275.1429,104.1429,-29.9997,0.000256241,0.000171495,10.0011,-10.0008,-0.000899328,0.21978,-10.1538,8.74725,517.648577690125,-218.912839889526,190.902128815651
63,112,93.75,156,0.00195768,0.000256241,0.000171495,10.0002,10.0006,-0.000899328,0.043956,-10.0659,29.9341,517.648577690125,-218.912839889526,190.902128815651
49.55556,92.77778,80.55556,135.3333,-4.80717,0.000256241,0.000171495,8.05385,14.7699,0.00591893,0.21978,-9.62637,31.3407,517.648577690125,-218.912839889526,190.902128815651
274.6364,57.36364,303.4167,97.16666,-10.0001,0.000256241,0.000171495,-10.0002,-0.000105683,-0.00430846,0.043956,9.62637,9.71429,517.648577690125,-218.912839889526,190.902128815651
293.1,59.2,323.2857,100.0714,-4.97936,0.000256241,0.000171495,-15.017,-5.0013,-0.0111267,0.131868,9.71429,9.89011,517.648577690125,-218.912839889526,190.902128815651
194.4286,154.1429,236.1667,197.0833,-19.9997,0.000256241,0.000171495,10.0002,-19.9998,-0.000899328,14.989,-10.0659,9.01099,517.648577690125,-218.912839889526,190.902128815651
182,104.375,228.6,173.7,-24.8226,0.000256241,0.000171495,5.17274,-19.4032,0.00591893,14.989,-9.8022,11.7363,517.648577690125,-218.912839889526,190.902128815651
466.375,65.375,492,105.7333,-0.000604728,0.000256241,0.000171495,-10.0002,-20.0015,-0.00430846,-15.0769,-10.6813,20.0879,542.237818241119,-147.854775190353,190.902128815651
305.9231,11.61539,318.6429,51.5,-9.99861,0.000256241,0.000171495,10.0011,0.00159888,-0.000899328,-14.989,-10.0659,29.8462,542.237818241119,-147.854775190353,190.902128815651
540.2727,66.63636,574.7143,102.7857,-20.0002,0.000256241,0.000171495,-0.000446343,-20.0032,-0.000899328,-15.2527,0.043956,8.30769,542.237818241119,-147.854775190353,190.902128815651
259.0909,207.0909,285.2778,245.3889,-10.0001,0.000256241,0.000171495,10.0002,20.003,-0.000899328,-14.989,0.043956,10.1538,542.237818241119,-147.854775190353,190.902128815651
266.1538,196.9231,294.2857,232.2857,-14.7539,0.000256241,0.000171495,10.0002,18.0376,0.0025098,-14.3736,1.89011,9.62637,542.237818241119,-147.854775190353,190.902128815651
314.5385,71.15385,345.0555,104,-10.0001,0.000256241,0.000171495,-10.0002,20.0013,0.0025098,-14.989,9.89011,10.0659,542.237818241119,-147.854775190353,190.902128815651
317.8571,63.92857,345.2143,101.5,-11.9527,0.000256241,0.000171495,-10.0002,19.4081,-0.00430846,-14.989,9.62637,10.2418,542.237818241119,-147.854775190353,190.902128815651
361.2222,43.33333,387.5882,87.41177,-29.9997,0.000256241,0.000171495,10.0002,-20.0015,-0.00430846,0.131868,-10.0659,9.01099,542.237818241119,-147.854775190353,190.902128815651
346,68.71429,379.0769,100.6154,-25.2009,0.000256241,0.000171495,8.05293,-15.2236,-0.000899328,0.043956,-9.89011,9.27473,542.237818241119,-147.854775190353,190.902128815651
373.8462,125.5385,401.8667,166.8,-20.0007,0.000256241,0.000171495,10.0002,-20.0049,0.0025098,0.043956,-9.8022,10.0659,542.237818241119,-147.854775190353,190.902128815651
371.9231,123.7692,399.8462,166.7692,-20.0007,0.000256241,0.000171495,8.07214,-19.006,-0.0111267,-0.043956,-9.97802,10.3297,542.237818241119,-147.854775190353,190.902128815651
148.2857,3.285714,178,40.5,-10.0001,0.000256241,0.000171495,-19.9999,20.003,-0.000899328,0.043956,-0.043956,8.92308,542.237818241119,-147.854775190353,190.902128815651
149.8,5.7,180.8182,45.81818,-10.0001,0.000256241,0.000171495,-18.006,18.9649,-0.00430846,0.043956,-0.043956,9.18681,542.237818241119,-147.854775190353,190.902128815651
386.1333,15,393.875,41.75,-5.03112,0.000256241,0.000171495,10.0002,-4.92118,0.0195554,0.131868,9.89011,30.1099,542.237818241119,-147.854775190353,190.902128815651
365.4118,24.05882,375.28,60.76,-9.22467e-05,0.000256241,0.000171495,0.000468294,-0.00351481,0.0025098,-15.0769,-10.0659,30.1099,556.694269180298,-77.2940963506699,190.902128815651
360.45,19.15,373.4091,59.09091,-4.79077,0.000256241,0.000171495,4.78951,1.93117,-0.000899328,-14.9011,-9.89011,30.9011,556.694269180298,-77.2940963506699,190.902128815651
574.125,2.75,610.3125,32.0625,-20.0002,0.000256241,0.000171495,-10.0002,-19.9998,-0.000899328,-14.8132,-0.043956,8.92308,556.694269180298,-77.2940963506699,190.902128815651
562.2222,152.1111,599.2381,189.5238,-9.99912,0.000256241,0.000171495,-0.000446343,-10.0008,-0.000899328,-14.9011,9.8022,9.89011,556.694269180298,-77.2940963506699,190.902128815651
547.3333,172.0556,584.4,215.56,-5.12849,0.000256241,0.000171495,-0.000446343,-5.078,-0.00771759,-14.9011,9.8022,9.97802,556.694269180298,-77.2940963506699,190.902128815651
509.35,80.85,538.25,119.25,-10.0001,0.000256241,0.000171495,-10.0002,-19.9998,-0.000899328,0.131868,9.89011,9.01099,556.694269180298,-77.2940963506699,190.902128815651
508.4286,77.42857,538.9167,117.5,-10.0001,0.000256241,0.000171495,-7.92303,-18.9532,-0.000899328,0.131868,9.89011,11.4725,556.694269180298,-77.2940963506699,190.902128815651
439.625,77.6875,456.16,112.28,0.000420235,0.000256241,0.000171495,10.0011,-0.000105683,0.0025098,0.131868,9.89011,31.6923,556.694269180298,-77.2940963506699,190.902128815651
442.0833,88.08334,456.5769,121.1154,-1.05222,0.000256241,0.000171495,7.95598,-2.03536,-0.00430846,0.659341,9.36264,29.8462,556.694269180298,-77.2940963506699,190.902128815651
162.0909,84.72727,192.4375,129.4375,-9.22467e-05,0.000256241,0.000171495,-19.9999,-0.00351481,0.0025098,14.9011,-9.89011,9.97802,556.694269180298,-77.2940963506699,190.902128815651
155.4167,94.83334,185,139.5294,-1.04094,0.000256241,0.000171495,-15.0773,1.99083,0.0025098,14.7253,-10.2418,11.8242,556.694269180298,-77.2940963506699,190.902128815651
467.5,48.35,495.5862,82.20689,-20.0002,0.000256241,0.000171495,-0.000446343,0.00159888,-0.000899328,-14.9011,-10.0659,10.2418,561.923205852509,-11.1880181357265,190.902128815651
476.5,65.3,502.0952,93.85714,-20.0002,0.000256241,0.000171495,4.80871,-1.94161,-0.000899328,-15.2527,-9.45055,11.8242,561.923205852509,-11.1880181357265,190.902128815651
506.6667,205.8667,541.7059,243.6471,-10.0001,0.000256241,0.000171495,10.0011,0.00159888,-0.000899328,-14.989,0.043956,10.1538,561.923205852509,-11.1880181357265,190.902128815651
508.25,189.25,544.7917,218,-14.8103,0.000256241,0.000171495,8.04196,-0.000105683,0.0025098,-14.989,0.043956,12.0879,561.923205852509,-11.1880181357265,190.902128815651
585.2143,97.78571,622.8461,128.7692,-9.22467e-05,0.000256241,0.000171495,10.0002,0.00159888,-0.000899328,-14.8132,9.89011,30.1099,561.923205852509,-11.1880181357265,190.902128815651
576.1177,98.11765,618.1053,128.6842,-2.07872,0.000256241,0.000171495,8.93373,2.09821,-0.000899328,-13.7582,9.18681,29.2308,561.923205852509,-11.1880181357265,190.902128815651
522.1334,54.26667,545.9091,92.63636,-9.22467e-05,0.000256241,0.000171495,-10.0002,-19.9998,-0.000899328,0.043956,-0.21978,19.9121,561.923205852509,-11.1880181357265,190.902128815651
153.1333,325.6667,181.1739,366.2174,-9.22467e-05,0.000256241,0.000171495,10.0011,19.9996,-0.000899328,14.9011,9.89011,8.92308,561.923205852509,-11.1880181357265,190.902128815651
155.6923,314.1538,184.5926,343.8518,-1.06452,0.000256241,0.000171495,5.00719,19.3774,-0.0111267,14.9011,9.89011,11.3846,561.923205852509,-11.1880181357265,190.902128815651
477.7826,65.82609,496.6667,96.08334,0.0014452,0.000256241,0.000171495,10.0002,-0.000105683,-0.00430846,-15.0769,-9.97802,29.9341,559.471189975739,53.9094805717468,190.436005592346
477.9474,63.78947,497.8276,90.86207,-1.05683,0.000256241,0.000171495,10.0002,-0.000105683,-0.00430846,-14.989,-9.89011,30.989,559.471189975739,53.9094805717468,190.436005592346
504.5,3.7,540.4138,24.44828,-10.0001,0.000256241,0.000171495,-10.0002,10.0057,-0.00430846,-14.9011,0.043956,20.1758,559.471189975739,53.9094805717468,190.436005592346
506,2.666667,539.9565,26.17391,-11.9317,0.000256241,0.000171495,-8.06754,10.0006,-0.000899328,-14.989,0.043956,21.0549,559.471189975739,53.9094805717468,190.436005592346
571.7143,128.5,618.6667,161.381,-0.000604728,0.000256241,0.000171495,-19.9999,-0.000105683,-0.00430846,-14.9011,9.53846,9.71429,559.471189975739,53.9094805717468,190.436005592346
277.1053,308.2105,307.1035,350.0345,-9.22467e-05,0.000256241,0.000171495,10.0011,19.9996,-0.000899328,0.043956,-0.043956,8.92308,559.471189975739,53.9094805717468,190.436005592346
592,67.2,630.1,100.4,-29.9997,0.000256241,0.000171495,10.0002,-19.9998,-0.000899328,0.21978,9.89011,8.92308,559.471189975739,53.9094805717468,190.436005592346
582.25,82.75,615.6875,124.5625,-25.0543,0.000256241,0.000171495,8.95842,-15.0344,-0.0111267,0.131868,9.89011,9.18681,559.471189975739,53.9094805717468,190.436005592346
385.4546,138.6818,411.5385,179.7692,-9.99963,0.000256241,0.000171495,-0.00136098,-20.0015,-0.00430846,15.8681,-11.1209,8.74725,559.471189975739,53.9094805717468,190.436005592346
258.4667,192.6,282.9032,231.4194,-10.0001,0.000256241,0.000171495,10.0002,0.00159888,-0.000899328,14.9011,-9.8022,10.0659,559.471189975739,53.9094805717468,190.436005592346
270.85,179.55,294.9143,222.1429,-11.987,0.000256241,0.000171495,8.98403,-4.84448,0.0025098,14.9011,-9.89011,11.9121,559.471189975739,53.9094805717468,190.436005592346
255.1667,68.33334,272.2592,110.2593,-10.0007,0.000256241,0.000171495,10.0002,-0.000105683,0.0025098,14.8132,-9.97802,21.5824,559.471189975739,53.9094805717468,190.436005592346
453.1875,42.25,474.52,83.44,-10.0001,0.000256241,0.000171495,-0.000446343,-20.0032,-0.000899328,15.0769,-0.21978,20,559.471189975739,53.9094805717468,190.436005592346
435.2727,17.09091,457.3846,61.38462,-14.942,0.000256241,0.000171495,-2.0346,-15.0548,-0.00430846,15.1648,0.043956,20.4396,559.471189975739,53.9094805717468,190.436005592346
273.3571,277.6429,302.4375,318.5,-9.22467e-05,0.000256241,0.000171495,10.0002,20.003,-0.000899328,0.043956,-9.8022,9.97802,550.476968288422,113.700918853283,189.768016338348
275.3571,279.1429,303.8889,319.5,-1.01378,0.000256241,0.000171495,10.0002,19.0143,-0.0213541,0.043956,-9.89011,10.1538,550.476968288422,113.700918853283,189.768016338348
542.7857,65.35714,583.7308,98,-10.0001,0.000256241,0.000171495,-0.000446343,-10.0008,-0.000899328,0.043956,0.043956,18.5055,550.476968288422,113.700918853283,189.768016338348
541.0769,21.23077,580.7778,48.44444,-19.9997,0.000256241,0.000171495,-0.000446343,-0.000105683,-0.00430846,0.131868,9.62637,19.7363,550.476968288422,113.700918853283,189.768016338348
562,2.666667,599.125,28.625,-24.897,0.000256241,0.000171495,4.90109,-4.93653,0.0161463,0.131868,9.71429,22.1099,550.476968288422,113.700918853283,189.768016338348
368.6,49.8,390.2609,85.04348,-10.0007,0.000256241,0.000171495,-0.000446343,-0.000105683,-0.00430846,14.8132,0.21978,20,550.476968288422,113.700918853283,189.768016338348
365.4,16.8,389.7,53.7,-10.0001,0.000256241,0.000171495,-4.96144,2.01639,0.00591893,14.8132,0.043956,22.3736,550.476968288422,113.700918853283,189.768016338348
459.1818,6,478,41.38095,-10.0001,0.000256241,0.000171495,10.0011,-10.0008,-0.000899328,15.0769,0.131868,30.1099,550.476968288422,113.700918853283,189.768016338348
546.5,100.75,580.0555,136.8889,-9.99963,0.000256241,0.000171495,-0.000446343,-20.0015,-0.00430846,14.8132,9.97802,18.6813,550.476968288422,113.700918853283,189.768016338348
309.4546,119.4545,343.5714,154.3333,-9.22467e-05,0.000256241,0.000171495,-10.0002,20.0013,0.0025098,14.8132,9.97802,20.0879,531.484425067902,184.213474392891,180.89185655117
556,176,608.7778,213.3333,-10.0001,0.000256241,0.000171495,10.0011,-10.0008,-0.000899328,0.043956,-9.8022,10.0659,503.530323505402,250.965267419815,172.327592968941
570.1111,170.2222,619.1667,206.0833,-12.008,0.000256241,0.000171495,10.0011,-14.9236,-0.0145358,0.043956,-9.8022,11.3846,503.530323505402,250.965267419815,172.327592968941
538.8571,17.85714,585.2857,49.14286,-25.0722,0.000256241,0.000171495,-2.02454,-0.000105683,0.0025098,0.043956,0.043956,10.0659,503.530323505402,250.965267419815,172.327592968941
476.25,149.875,523.1539,188.5385,-14.9605,0.000256241,0.000171495,10.0002,5.00279,0.0195554,0.043956,-0.043956,9.97802,503.530323505402,250.965267419815,172.327592968941
248.4444,22.66667,278.3333,56.88889,-10.0001,0.000256241,0.000171495,-0.000446343,20.003,-0.000899328,14.989,-9.97802,20.0879,503.530323505402,250.965267419815,172.327592968941
248.7143,36,279.25,67,-5.24534,0.000256241,0.000171495,-1.93124,20.003,-0.000899328,15.0769,-9.53846,21.9341,503.530323505402,250.965267419815,172.327592968941
435.1111,77.88889,469.8462,114,-10.0001,0.000256241,0.000171495,-0.000446343,-0.000105683,0.0025098,14.989,-0.131868,18.8571,503.530323505402,250.965267419815,172.327592968941
564.3333,214,606.8182,254.6364,-9.22467e-05,0.000256241,0.000171495,9.99928,-20.0015,-0.00430846,15.1648,-0.043956,20.0879,503.530323505402,250.965267419815,172.327592968941
564.3333,212,607,250.5,-2.01414,0.000256241,0.000171495,5.09683,-19.381,0.0161463,15.6044,2.15385,17.8022,503.530323505402,250.965267419815,172.327592968941
407.3333,64.44444,449.3571,97.85714,-9.22467e-05,0.000256241,0.000171495,-20.0008,10.004,-0.000899328,14.9011,9.89011,19.9121,503.530323505402,250.965267419815,172.327592968941
412,66.25,453.6364,99.90909,-9.22467e-05,0.000256241,0.000171495,-18.9728,7.99601,-0.00771759,14.9011,9.89011,19.9121,503.530323505402,250.965267419815,172.327592968941
499.7143,89.71429,548.4445,117.1111,-9.22467e-05,0.000256241,0.000171495,8.05293,4.80847,-0.0145358,0.923077,-8.21978,28.6154,472.191363573074,305.282562971115,159.371748566628
509,94,561.4,130,-5.14797,0.000256241,0.000171495,4.82518,18.9973,-0.000899328,0.131868,10.0659,30.022,472.191363573074,305.282562971115,159.371748566628
524.2857,2.285714,563.5,37.5,-20.0002,0.000256241,0.000171495,10.0002,-20.0015,-0.00430846,14.989,-9.8022,20,472.191363573074,305.282562971115,159.371748566628
523,22,561.1818,63.81818,-15.108,0.000256241,0.000171495,7.99805,-18.0054,-0.0145358,14.989,-9.8022,20,472.191363573074,305.282562971115,159.371748566628
393.9231,109.9231,442.875,148,-10.0001,0.000256241,0.000171495,-1.95228,4.77268,0.00932806,15.3407,-7.86813,9.89011,422.315418720245,370.646059513092,152.748167514801
265.125,64.125,307.5,103.5,-9.22467e-05,0.000256241,0.000171495,-0.000446343,10.0006,-0.000899328,0.131868,-10.1538,8.74725,392.843037843704,69.7936713695526,477.401435375214
436,6.6,475.2222,39.77778,-1.95726,0.000256241,0.000171495,10.0002,-10.0025,0.0025098,0.043956,-0.043956,22.3736,398.772865533829,13.3048938587308,477.401435375214
233.1667,76.33334,274.3333,108.7778,-5.20332,0.000256241,0.000171495,9.00324,-1.93649,-0.00430846,0.043956,-9.8022,9.97802,377.139717340469,-126.606732606888,478.594988584518
