176.1579,102.1579,142.2778,101.8889,-9.872603,-0.0,-0.0,-0.0,-0.0,0.0,0.0,-0.0,35.0,0,0.53,0.571182
179.8889,128.1111,138.5862,128.2759,-9.913208,-0.0,0.0,-0.0,-0.0,0.0,-0.0,0.0,35.0,0,0.53,0.465751
175.8889,104.7222,142.7778,104.5,-13.327614,0.0,0.0,-0.0,-0.0,0.0,0.0,-0.0,35.0,0,0.53,0.579173
175.2778,76.11111,143.5,75.22222,-8.764448,-0.0,-0.0,-0.0,-0.0,0.0,0.0,-0.0,35.0,0,0.53,0.619851
177,90,141.619,89.2381,-12.521359,0.0,0.0,-0.0,-0.0,0.0,0.0,-0.0,35.0,0,0.53,0.553647
177,54,141.913,52.78261,-14.007621,0.0,-0.0,-0.0,-0.0,0.0,0.0,-0.0,35.0,0,0.53,0.595502
180.5,145.5,138.0968,145.6774,-18.687717,0.0,-0.0,-0.0,-0.0,0.0,0.0,-0.0,35.0,0,0.53,0.444908
176.2222,110.5,142.3684,110.2105,-11.597904,-0.0,-0.0,0.0,-0.0,0.0,0.0,-0.0,35.0,0,0.53,0.564266
174.4,76.4,144.4,75.4,-8.548549,0.0,0.0,0.0,-0.0,0.0,0.0,-0.0,35.000001,0,0.53,0.654495
181.2813,157.8125,137.5,158.5,-10.477238,-0.0,-0.0,-0.0,-0.0,0.0,0.0,-0.0,35.000001,0,0.53,0.427773
175.95,129.9,142.9,130.05,-10.809121,0.0,-0.0,-0.0,-0.0,0.0,0.0,-0.0,35.000001,0,0.53,0.564272
175.7222,135.8889,143,136,-5.609829,-0.0,-0.0,-0.0,-0.0,0.0,0.0,-0.0,35.000001,0,0.53,0.570026
174.5,140,144,140.5,-2.19883,0.0,0.0,-0.0,-0.0,0.0,0.0,-0.0,35.000001,0,0.53,0.602008
181.1714,191,137.5,192.5,1.0825,0.0,-0.0,-0.0,-0.0,0.0,0.0,-0.0,35.000001,0,0.53,0.425061
178.5,148.5,140.0833,149.0833,-14.06242,-0.0,0.0,-0.0,-0.0,0.0,0.0,-0.0,35.000001,0,0.53,0.486504
180.4194,187.9355,138.4194,189.4516,-1.049817,0.0,0.0,-0.0,-0.0,0.0,0.0,-0.0,35.000001,0,0.53,0.439777
174.2857,129.5,144.5,129.7143,-2.412143,0.0,0.0,-0.0,-0.0,0.0,0.0,-0.0,35.000001,0,0.53,0.62384
182.5897,207,136,208.6667,-0.022289,-0.0,-0.0,0.0,-0.0,0.0,0.0,-0.0,35.000001,0,0.53,0.395154
187.5424,233.8305,130.8136,235.6271,-4.002663,0.0,-0.0,0.0,-0.0,0.0,0.0,0.0,35.000002,0,0.53,0.314792
182.5405,179.9189,135.8718,181.1282,-11.357684,0.0,-0.0,-0.0,-0.0,0.0,0.0,-0.0,35.000002,0,0.53,0.3966
178.6538,159.6538,140,160.5,-9.801212,0.0,-0.0,0.0,-0.0,0.0,0.0,-0.0,35.000002,0,0.53,0.482525
180.625,202.1563,138,203.7576,-4.205802,0.0,-0.0,0.0,-0.0,0.0,0.0,-0.0,35.000002,0,0.53,0.434589
177.3913,150.0435,141.087,150.7826,1.101154,-0.0,-0.0,-0.0,-0.0,0.0,0.0,-0.0,35.000002,0,0.53,0.51464
176.2105,119.6316,142.25,119.75,-3.680065,0.0,0.0,-0.0,-0.0,0.0,0.0,-0.0,35.000002,0,0.53,0.559331
180.1111,128.8889,138.5,129.2143,-6.843779,0.0,-0.0,-0.0,-0.0,-0.0,0.0,-0.0,35.000002,0,0.53,0.460599
174.4667,92.13333,144.4,91.6,-13.725858,-0.0,0.0,-0.0,-0.0,-0.0,0.0,-0.0,35.000002,0,0.53,0.638087
183,168.8462,135.5526,169.9211,-7.824991,-0.0,-0.0,-0.0,-0.0,-0.0,0.0,-0.0,35.000002,0,0.53,0.391247
189.4407,235.7797,129.1136,236.9091,-13.125457,-0.0,-0.0,-0.0,-0.0,0.0,0.0,-0.0,35.000003,0,0.53,0.287621
177.1429,99.19048,141.5,99,-11.123857,0.0,0.0,-0.0,-0.0,0.0,0.0,-0.0,35.000003,0,0.53,0.546499
182.15,226.675,136.5,229,-4.921547,0.0,-0.0,0.0,-0.0,0.0,0.0,-0.0,35.000003,0,0.53,0.408199
179.5172,192.8965,139.2759,194.4138,2.150626,0.0,0.0,0.0,-0.0,0.0,0.0,-0.0,35.000003,0,0.53,0.459294
182.2973,236.1351,136.1071,237.3571,0.942725,0.0,-0.0,-0.0,-0.0,-0.0,0.0,-0.0,35.000003,0,0.53,0.4059
178.56,155.4,140.08,156.2,3.790545,0.0,0.0,0.0,-0.0,-0.0,0.0,-0.0,35.000003,0,0.53,0.484286
178,150,140.5,150.5,-5.153456,-0.0,0.0,-0.0,-0.0,0.0,0.0,-0.0,35.000003,0,0.53,0.499057
182.5,216,135.9756,218.1219,-4.877704,-0.0,0.0,0.0,-0.0,-0.0,0.0,-0.0,35.000003,0,0.53,0.396995
177.5,131.5,141.0909,131.9091,-1.666036,-0.0,0.0,-0.0,-0.0,0.0,0.0,-0.0,35.000003,0,0.53,0.517271
183.8864,214.2045,134.7209,215.9302,-7.556359,0.0,-0.0,-0.0,-0.0,0.0,0.0,-0.0,35.000003,0,0.53,0.372329
183.05,204.925,135.5238,206.6429,-5.72397,-0.0,-0.0,-0.0,-0.0,-0.0,0.0,-0.0,35.000003,0,0.53,0.387427
180.6667,160.5,137.7097,161.2903,-5.515509,0.0,-0.0,-0.0,-0.0,-0.0,0.0,-0.0,35.000003,0,0.53,0.434282
179.3214,95.67857,139.3214,95.32143,-12.712389,0.0,-0.0,-0.0,-0.0,-0.0,0.0,-0.0,35.000004,0,0.53,0.49424
178.6,126.04,139.96,126.4,-17.784766,0.0,-0.0,-0.0,-0.0,-0.0,0.0,-0.0,35.000004,0,0.53,0.493161
182.5,145.5,136.0789,145.9474,-10.917918,-0.0,0.0,-0.0,-0.0,0.0,0.0,-0.0,35.000004,0,0.53,0.410031
178.7083,103,140,102.5,-15.899319,0.0,-0.0,-0.0,-0.0,0.0,0.0,-0.0,35.000004,0,0.53,0.50591
178,114.2917,140.6,114.04,-15.059327,0.0,-0.0,-0.0,-0.0,0.0,0.0,-0.0,35.000004,0,0.53,0.512331
182.6111,181.8611,135.9474,183.0789,-6.575338,0.0,-0.0,-0.0,-0.0,0.0,0.0,-0.0,35.000004,0,0.53,0.39657
179.6333,185.3667,138.7241,186.4138,-9.412473,-0.0,0.0,-0.0,-0.0,0.0,0.0,-0.0,35.000004,0,0.53,0.453353
184.5833,227.8958,134,230,-1.454938,0.0,-0.0,0.0,-0.0,0.0,0.0,-0.0,35.000004,0,0.53,0.363224
174.6,137.6,144.3529,138,-6.032812,0.0,-0.0,-0.0,-0.0,0.0,0.0,-0.0,35.000004,0,0.53,0.606355
182.7333,237.2333,136,238.2667,0.802998,0.0,0.0,0.0,-0.0,0.0,0.0,-0.0,35.000004,0,0.53,0.400265
173.6154,125.3846,144.7143,125.5,3.401858,-0.0,-0.0,-0.0,-0.0,0.0,0.0,-0.0,35.000004,0,0.53,0.639591
186,231.5,132.4545,233.7273,-0.083324,0.0,-0.0,-0.0,-0.0,0.0,0.0,-0.0,35.000005,0,0.53,0.340018
181.4286,209.2286,137.2973,210.8649,-7.322836,-0.0,-0.0,-0.0,-0.0,0.0,0.0,-0.0,35.000005,0,0.53,0.420737
177,138,141.75,138.25,-0.956871,0.0,0.0,-0.0,-0.0,0.0,0.0,-0.0,35.000005,0,0.53,0.529105
175.6471,122.4706,143,122.5,-4.973715,-0.0,0.0,-0.0,-0.0,0.0,0.0,-0.0,35.000005,0,0.53,0.574875
176.6316,155.7895,142.25,156.25,-0.237871,-0.0,-0.0,0.0,-0.0,0.0,0.0,-0.0,35.000005,0,0.53,0.537797
179.5,154.7857,139.1111,155.4815,-0.072211,-0.0,-0.0,0.0,-0.0,0.0,0.0,-0.0,35.000005,0,0.53,0.462064
175.4118,67.11765,143.1,66.05,-7.542162,0.0,0.0,0.0,-0.0,0.0,0.0,-0.0,35.000005,0,0.53,0.621774
176.5,86.22222,142.25,85.75,-14.331019,0.0,0.0,-0.0,-0.0,0.0,0.0,-0.0,35.000005,0,0.53,0.575239
186.2157,183.3137,132.3208,184.5849,-13.185992,-0.0,-0.0,-0.0,-0.0,0.0,0.0,-0.0,35.000005,0,0.53,0.336748
186.75,200.6154,131.6071,202.2321,-11.94429,-0.0,-0.0,0.0,-0.0,0.0,0.0,-0.0,35.000006,0,0.53,0.325016
177.9091,131.0909,140.96,131.4,-16.564666,0.0,-0.0,0.0,-0.0,0.0,0.0,-0.0,35.000006,0,0.53,0.513362
176.3684,123.7895,142,124,-13.923042,0.0,-0.0,-0.0,-0.0,0.0,0.0,-0.0,35.000006,0,0.53,0.552782
179.5862,174.2759,139.1786,175.3929,-6.277425,-0.0,0.0,0.0,-0.0,0.0,0.0,-0.0,35.000006,0,0.53,0.457737
175.5,146,143.1176,146.4118,-3.481144,-0.0,0.0,-0.0,-0.0,0.0,0.0,-0.0,35.000006,0,0.53,0.570052
173.5,123.2857,145.3846,123.3846,0.19529,-0.0,0.0,-0.0,-0.0,0.0,0.0,-0.0,35.000006,0,0.53,0.65638
176.2222,138.5,142.3,138.9,0.419799,0.0,0.0,0.0,-0.0,0.0,0.0,-0.0,35.000006,0,0.53,0.549916
174,121,144.5333,121.1333,-6.585541,0.0,-0.0,-0.0,-0.0,0.0,0.0,-0.0,35.000006,0,0.53,0.633236
183.7442,219.8139,134.8913,221.6304,-1.399567,-0.0,0.0,-0.0,-0.0,0.0,0.0,-0.0,35.000006,0,0.53,0.377545
184.8044,210.6522,133.7917,212.5,-3.729911,0.0,-0.0,-0.0,-0.0,0.0,0.0,-0.0,35.000006,0,0.53,0.358561
176.2105,120.3684,142.25,120.25,-6.330892,0.0,-0.0,-0.0,-0.0,0.0,0.0,-0.0,35.000007,0,0.53,0.558969
178.6,150.96,140,151.5,-6.671657,0.0,0.0,-0.0,-0.0,0.0,0.0,-0.0,35.000007,0,0.53,0.484713
185.7917,237.7083,132.6667,238.6667,-6.073292,0.0,0.0,0.0,-0.0,0.0,0.0,-0.0,35.000007,0,0.53,0.341078
176.75,107.75,142,107.5,-5.339789,0.0,0.0,0.0,-0.0,0.0,0.0,-0.0,35.000007,0,0.53,0.554351
176,143,142.7778,143.5,-9.9778,0.0,-0.0,0.0,-0.0,0.0,0.0,-0.0,35.000007,0,0.53,0.556494
174.4667,135.1333,144.5,135.5,-1.619492,-0.0,-0.0,-0.0,-0.0,-0.0,0.0,-0.0,35.000007,0,0.53,0.621157
173.5,146.2857,145.3846,146.6154,1.145105,0.0,0.0,0.0,-0.0,-0.0,0.0,-0.0,35.000007,0,0.53,0.65019
175,180.5,143.8889,181.7222,5.531392,0.0,0.0,0.0,-0.0,-0.0,0.0,-0.0,35.000007,0,0.53,0.590084
174.4,138.6,144.5,139,9.78097,0.0,0.0,0.0,-0.0,-0.0,0.0,-0.0,35.000007,0,0.53,0.614411
176.25,152.25,142.3684,152.7895,1.505044,0.0,0.0,0.0,-0.0,-0.0,0.0,-0.0,35.000007,0,0.53,0.547016
173.6154,102.3846,145,102,-0.141622,0.0,-0.0,-0.0,-0.0,-0.0,0.0,-0.0,35.000007,0,0.53,0.657153
180.3667,181.3667,138.4194,182.4516,-4.469118,0.0,-0.0,-0.0,-0.0,0.0,0.0,-0.0,35.000007,0,0.53,0.44073
173.3846,150.6154,145.5,151.2857,1.257854,-0.0,0.0,0.0,-0.0,-0.0,0.0,-0.0,35.000007,0,0.53,0.652925
181.925,228.8,136.5,231,6.818512,-0.0,0.0,0.0,-0.0,0.0,0.0,-0.0,35.000008,0,0.53,0.412405
175.5,171,143.1,172.05,3.050143,-0.0,0.0,0.0,-0.0,0.0,0.0,-0.0,35.000008,0,0.53,0.569199
175.5,160,143.2778,160.8889,6.060321,0.0,0.0,0.0,-0.0,0.0,0.0,-0.0,35.000008,0,0.53,0.571484
180.5,227.2941,138,229.5,3.620025,-0.0,-0.0,-0.0,-0.0,0.0,0.0,-0.0,35.000008,0,0.53,0.43998
173.6154,161.3846,145,162.2667,6.267083,-0.0,0.0,-0.0,-0.0,0.0,0.0,-0.0,35.000008,0,0.53,0.634308
177.2727,200.5,141.1667,202.125,8.198196,-0.0,0.0,-0.0,-0.0,0.0,0.0,-0.0,35.000008,0,0.53,0.515089
183,223.3333,135.9048,225.381,8.307684,-0.0,0.0,-0.0,-0.0,0.0,0.0,-0.0,35.000008,0,0.53,0.392953
175,132.3529,144,132.5,6.697258,-0.0,-0.0,-0.0,-0.0,0.0,0.0,-0.0,35.000008,0,0.53,0.597552
181.5,179.5,137.3143,180.6857,-0.985524,-0.0,0.0,-0.0,-0.0,0.0,0.0,-0.0,35.000008,0,0.53,0.420669
178,153.2917,140.8261,154,-1.521497,0.0,-0.0,-0.0,-0.0,-0.0,0.0,-0.0,35.000008,0,0.53,0.50203
183,236.2439,135.76,237.52,-3.808188,0.0,-0.0,-0.0,-0.0,0.0,0.0,-0.0,35.000008,0,0.53,0.393025
180.9063,180.7813,137.697,181.9091,2.103387,0.0,-0.0,-0.0,-0.0,-0.0,0.0,-0.0,35.000008,0,0.53,0.428351
185.1,235.38,133.4146,236.7561,-5.463982,-0.0,0.0,-0.0,-0.0,0.0,0.0,-0.0,35.000008,0,0.53,0.354594
177.5,150.5,141,151,-4.023579,0.0,-0.0,0.0,-0.0,0.0,0.0,-0.0,35.000009,0,0.53,0.511328
182.7059,238.1765,136,239,-3.622205,-0.0,-0.0,-0.0,-0.0,-0.0,0.0,-0.0,35.000009,0,0.53,0.39505
175,146.5,143.7222,146.8889,3.098503,0.0,0.0,0.0,-0.0,0.0,0.0,-0.0,35.000009,0,0.53,0.591415
184.2045,219.25,134.1087,221.3696,-0.204125,0.0,0.0,-0.0,-0.0,0.0,0.0,-0.0,35.000009,0,0.53,0.367416
178.96,149.6,139.8462,150.3846,-5.413023,-0.0,-0.0,-0.0,-0.0,0.0,0.0,-0.0,35.000009,0,0.53,0.480758
177.0909,165.0909,141.2917,166,-6.751543,-0.0,-0.0,0.0,-0.0,0.0,0.0,-0.0,35.000009,0,0.53,0.514656
174.2667,145,144.6,145.4,0.181137,0.0,-0.0,0.0,-0.0,-0.0,0.0,-0.0,35.000009,0,0.53,0.621037
176,144,142.7778,144.5,3.482325,-0.0,-0.0,0.0,-0.0,0.0,0.0,-0.0,35.000009,0,0.53,0.556672
181.5,178.5,137.5,179.5,-1.314353,-0.0,-0.0,-0.0,-0.0,0.0,0.0,-0.0,35.000009,0,0.53,0.421254
182.3235,165.5588,136.1667,166.5,-6.92569,0.0,0.0,-0.0,-0.0,0.0,0.0,-0.0,35.000009,0,0.53,0.404714
179,169.5,139.6667,170.5,-12.008215,-0.0,0.0,0.0,-0.0,0.0,0.0,-0.0,35.000009,0,0.53,0.470649
176.2105,146.3684,142,147,-3.118654,-0.0,-0.0,0.0,-0.0,0.0,0.0,-0.0,35.000009,0,0.53,0.545093
176,125,142.6316,125.2105,-1.644761,0.0,0.0,0.0,-0.0,0.0,0.0,-0.0,35.000009,0,0.53,0.560599
176.2105,132,142.25,132.25,-5.468369,-0.0,0.0,-0.0,-0.0,0.0,0.0,-0.0,35.000009,0,0.53,0.550165
179.0833,150.9167,139.6333,151.6333,-5.434639,-0.0,0.0,-0.0,-0.0,0.0,0.0,-0.0,35.00001,0,0.53,0.473293
182.8718,165.8718,135.7436,166.7436,-7.23928,-0.0,-0.0,-0.0,-0.0,0.0,0.0,-0.0,35.00001,0,0.53,0.394685
173.8667,92.53333,144.5,92.28571,-13.351573,0.0,0.0,-0.0,-0.0,0.0,0.0,-0.0,35.00001,0,0.53,0.655605
182.95,202.075,135.7209,203.7209,-6.796778,0.0,0.0,-0.0,-0.0,0.0,0.0,-0.0,35.00001,0,0.53,0.389209
178.96,147.6,139.72,148.12,-5.889835,-0.0,0.0,-0.0,-0.0,0.0,0.0,-0.0,35.00001,0,0.53,0.480685
178,133,140.913,133.2174,-7.245517,0.0,0.0,-0.0,-0.0,0.0,0.0,-0.0,35.00001,0,0.53,0.509666
175.8421,107.1579,143,107,-7.850466,0.0,0.0,0.0,-0.0,0.0,0.0,-0.0,35.00001,0,0.53,0.579459
175,102.5,143.8889,102.2778,-8.216966,-0.0,0.0,-0.0,-0.0,0.0,0.0,-0.0,35.00001,0,0.53,0.615298
184.5417,221.6042,133.9362,223.7021,-6.874718,-0.0,0.0,-0.0,-0.0,0.0,0.0,-0.0,35.00001,0,0.53,0.362497
182.1081,183.7297,136.5,185,-5.630523,-0.0,0.0,0.0,-0.0,0.0,0.0,-0.0,35.00001,0,0.53,0.405353
176.2105,146,142.2105,146.6316,-7.76461,-0.0,0.0,-0.0,-0.0,0.0,0.0,-0.0,35.00001,0,0.53,0.543832
174.1333,95.53333,144.5,95.28571,-1.944706,0.0,0.0,-0.0,-0.0,0.0,0.0,-0.0,35.00001,0,0.53,0.649565
182.5,226,135.9524,227.9286,-6.42202,-0.0,0.0,-0.0,-0.0,0.0,0.0,-0.0,35.00001,0,0.53,0.39883
177.7273,147.5,141,148,0.670079,0.0,-0.0,-0.0,-0.0,0.0,0.0,-0.0,35.000011,0,0.53,0.509319
178.92,192.2,139.7857,193.5,-4.563271,-0.0,-0.0,0.0,-0.0,0.0,0.0,-0.0,35.000011,0,0.53,0.473845
173.4615,143.8462,145.2857,144.5,2.377225,0.0,-0.0,0.0,-0.0,0.0,0.0,-0.0,35.000011,0,0.53,0.649262
174.5,92.71429,144.25,92.375,-1.805556,0.0,-0.0,0.0,-0.0,0.0,0.0,-0.0,35.000011,0,0.53,0.633461
179.6786,179.6786,138.6774,181.0968,-1.571439,0.0,-0.0,0.0,-0.0,0.0,0.0,-0.0,35.000011,0,0.53,0.453048
181.4242,209.4242,137.4286,211.2286,-2.730985,-0.0,-0.0,0.0,-0.0,0.0,0.0,-0.0,35.000011,0,0.53,0.423342
175.8889,172.7222,142.8421,173.8421,0.365928,0.0,0.0,0.0,-0.0,0.0,0.0,-0.0,35.000011,0,0.53,0.558078
178.2,217.24,140.5,219.2143,5.584118,-0.0,-0.0,0.0,-0.0,0.0,0.0,-0.0,35.000011,0,0.53,0.493603
176.5,125.5,142.2105,125.6316,1.018166,0.0,0.0,0.0,-0.0,0.0,0.0,-0.0,35.000011,0,0.53,0.548616
185.8889,236.2444,132.6563,237.375,-10.432391,0.0,0.0,-0.0,-0.0,0.0,0.0,-0.0,35.000012,0,0.53,0.341962
173.6154,122.3846,144.8667,122.4667,-5.222079,0.0,0.0,-0.0,-0.0,0.0,0.0,-0.0,35.000012,0,0.53,0.643749
181.5,189.5,137.2432,190.7568,2.778601,0.0,0.0,-0.0,-0.0,0.0,0.0,-0.0,35.000012,0,0.53,0.41774
178.4074,163.2593,140.2917,164,-4.890589,-0.0,-0.0,-0.0,-0.0,0.0,0.0,-0.0,35.000012,0,0.53,0.485862
175,117.3529,143.5882,117.1176,4.020397,0.0,0.0,-0.0,-0.0,0.0,0.0,-0.0,35.000012,0,0.53,0.598991
179.8929,190,138.5806,191.4516,-4.587574,0.0,0.0,-0.0,-0.0,0.0,0.0,-0.0,35.000012,0,0.53,0.449932
176.3684,143.7895,142.25,144.25,-0.754295,0.0,-0.0,-0.0,-0.0,0.0,0.0,-0.0,35.000012,0,0.53,0.546186
179,139.7083,139.5926,140.2593,-2.182346,0.0,0.0,-0.0,-0.0,0.0,0.0,-0.0,35.000012,0,0.53,0.480702
179.5,116.2143,139.1111,116.1111,-9.106807,0.0,0.0,-0.0,-0.0,0.0,0.0,-0.0,35.000012,0,0.53,0.477188
176.6316,105.7895,142.2105,105.3684,-14.875159,-0.0,0.0,-0.0,-0.0,0.0,0.0,-0.0,35.000012,0,0.53,0.559486
176,106,142.5,105.7778,-10.006419,0.0,0.0,-0.0,-0.0,0.0,0.0,-0.0,35.000012,0,0.53,0.569703
174.8421,63.84211,143.7222,62.88889,-9.161254,0.0,-0.0,-0.0,-0.0,0.0,0.0,-0.0,35.000013,0,0.53,0.642781
190.4754,235.9672,128.0698,236.9767,-13.792518,0.0,0.0,-0.0,-0.0,0.0,0.0,-0.0,35.000013,0,0.53,0.271687
190.2239,235.4179,128.0784,236.5686,-19.303928,-0.0,-0.0,-0.0,-0.0,0.0,0.0,-0.0,35.000013,0,0.53,0.274232
179,85.5,139.5926,84.74074,-18.936095,-0.0,0.0,-0.0,-0.0,0.0,0.0,-0.0,35.000013,0,0.53,0.51186
180.5,157.5,138,158.3438,-18.371088,-0.0,0.0,-0.0,-0.0,0.0,0.0,-0.0,35.000013,0,0.53,0.438446
174.2857,89.5,144.6,88.6,-9.530412,0.0,0.0,-0.0,-0.0,0.0,0.0,-0.0,35.000013,0,0.53,0.650134
178.8889,119.4815,140,119.5,-7.825189,0.0,-0.0,-0.0,-0.0,0.0,0.0,-0.0,35.000013,0,0.53,0.494047
182.8378,173.4054,135.8205,174.5897,-12.440048,-0.0,0.0,-0.0,-0.0,0.0,0.0,-0.0,35.000013,0,0.53,0.393305
186.3077,196.1346,132.3208,197.5849,-11.749748,-0.0,0.0,-0.0,-0.0,0.0,0.0,-0.0,35.000013,0,0.53,0.334603
188.5781,220.5313,129.7941,222.5147,-15.879144,-0.0,0.0,-0.0,-0.0,0.0,0.0,-0.0,35.000013,0,0.53,0.298283
179,180,139.5,181.2143,-8.230906,0.0,0.0,0.0,-0.0,0.0,0.0,-0.0,35.000013,0,0.53,0.469599
179.8929,157,138.6333,157.6333,-0.903847,-0.0,-0.0,-0.0,-0.0,0.0,0.0,-0.0,35.000013,0,0.53,0.454501
179.4138,141.7241,139.1154,142,-7.898515,0.0,-0.0,-0.0,-0.0,0.0,0.0,-0.0,35.000013,0,0.53,0.468315
177,138,141.8571,138.1905,-9.932317,-0.0,-0.0,-0.0,-0.0,0.0,0.0,-0.0,35.000014,0,0.53,0.534509
184.1136,195.7955,134.2889,197.2444,-4.484999,0.0,0.0,-0.0,-0.0,0.0,0.0,-0.0,35.000014,0,0.53,0.368073
178.5926,170.2593,139.96,171.4,-10.462826,0.0,-0.0,-0.0,-0.0,0.0,0.0,-0.0,35.000014,0,0.53,0.479235
186.3958,236.4167,132.3,237.5,-2.041964,-0.0,0.0,-0.0,-0.0,0.0,0.0,-0.0,35.000014,0,0.53,0.334483
183.7561,194,134.9767,195.4186,-7.062266,-0.0,-0.0,-0.0,-0.0,0.0,0.0,-0.0,35.000014,0,0.53,0.376957
174.7143,60.5,144,59.5,-9.507703,0.0,-0.0,-0.0,-0.0,0.0,0.0,-0.0,35.000014,0,0.53,0.651782
179.5,113.7857,139.3214,113.6786,-14.490364,0.0,-0.0,-0.0,-0.0,0.0,0.0,-0.0,35.000014,0,0.53,0.483026
183.325,154.975,135.0244,155.5854,-14.781715,0.0,0.0,-0.0,-0.0,0.0,0.0,-0.0,35.000014,0,0.53,0.389494
176.25,23.25,142.5,21.5,-16.543921,0.0,-0.0,-0.0,-0.0,0.0,0.0,-0.0,35.000014,0,0.53,0.645607
178,40.5,140.5,39,-21.624529,-0.0,0.0,-0.0,-0.0,0.0,0.0,-0.0,35.000014,0,0.53,0.570622
177.2174,14.3913,141.44,12.4,-22.919383,0.0,0.0,-0.0,-0.0,0.0,0.0,-0.0,35.000014,0,0.53,0.624631
176.2727,9.5,142.2727,7.5,-24.364069,0.0,0.0,-0.0,-0.0,0.0,0.0,-0.0,35.000014,0,0.53,0.658177
176.6316,54.21053,142,53,-23.397595,0.0,-0.0,-0.0,-0.0,0.0,0.0,-0.0,35.000014,0,0.53,0.60037
176.6316,83.78947,142.0909,83.09091,-18.241194,-0.0,-0.0,-0.0,-0.0,0.0,0.0,-0.0,35.000014,0,0.53,0.575951
177,61,141.9091,59.90909,-13.644938,0.0,0.0,-0.0,-0.0,0.0,0.0,-0.0,35.000015,0,0.53,0.582231
178.1739,64,140.4,63.04,-18.105276,-0.0,0.0,-0.0,-0.0,0.0,0.0,-0.0,35.000015,0,0.53,0.546325
178.7778,57.7037,140,56.5,-20.051151,-0.0,-0.0,-0.0,-0.0,0.0,0.0,-0.0,35.000015,0,0.53,0.540495
179.3214,44.67857,139.3667,43.36666,-21.776442,-0.0,-0.0,-0.0,-0.0,0.0,0.0,-0.0,35.000015,0,0.53,0.540786
186.8163,143.8163,131.5,144.5,-24.29698,0.0,0.0,-0.0,-0.0,0.0,0.0,-0.0,35.000015,0,0.53,0.340408
178.04,93.6,140.5,93,-26.594627,-0.0,0.0,-0.0,-0.0,0.0,0.0,-0.0,35.000015,0,0.53,0.523707
174.1333,86.53333,144.5,86.28571,-15.585961,-0.0,-0.0,-0.0,-0.0,0.0,0.0,-0.0,35.000015,0,0.53,0.655168
175.5294,129.3529,143,129.5,-8.054536,0.0,0.0,-0.0,-0.0,0.0,0.0,-0.0,35.000015,0,0.53,0.574443
179.5,178.2143,139.2759,179.4138,-3.391571,0.0,0.0,-0.0,-0.0,0.0,0.0,-0.0,35.000015,0,0.53,0.460979
177.9091,156.9091,140.6538,157.6538,5.449908,-0.0,0.0,0.0,-0.0,0.0,0.0,-0.0,35.000015,0,0.53,0.499313
180.3226,175.9032,138.4194,177.0645,-3.354978,0.0,-0.0,-0.0,-0.0,0.0,0.0,-0.0,35.000015,0,0.53,0.445143
183.8781,175.5366,134.9302,176.7209,-11.036784,0.0,-0.0,-0.0,-0.0,-0.0,0.0,-0.0,35.000015,0,0.53,0.378102
176,110,142.7222,109.8889,-13.482983,-0.0,-0.0,-0.0,-0.0,0.0,0.0,-0.0,35.000016,0,0.53,0.569734
174.2857,123.5,144.4,123.4,-8.179618,-0.0,-0.0,-0.0,-0.0,0.0,0.0,-0.0,35.000016,0,0.53,0.623064
181.6111,222.8611,137.0526,224.9211,-1.497514,0.0,-0.0,-0.0,-0.0,0.0,0.0,-0.0,35.000016,0,0.53,0.419929
174.7647,107.7647,143.8824,107.5882,2.492658,0.0,0.0,-0.0,-0.0,0.0,0.0,-0.0,35.000016,0,0.53,0.611163
176.9091,163.9091,141.7619,164.619,-5.901026,-0.0,0.0,-0.0,-0.0,0.0,0.0,-0.0,35.000016,0,0.53,0.526536
184.8333,238.1111,133.5,239,0.483441,0.0,0.0,-0.0,-0.0,-0.0,0.0,-0.0,35.000016,0,0.53,0.357272
177.9091,128.9091,140.9091,129.0909,-8.584943,0.0,0.0,-0.0,-0.0,-0.0,0.0,-0.0,35.000016,0,0.53,0.511545
177.9091,165.9091,140.8261,167,-8.625463,-0.0,-0.0,-0.0,-0.0,0.0,0.0,-0.0,35.000016,0,0.53,0.5008
174.7143,153.5,144,154.3529,-0.938409,0.0,0.0,-0.0,-0.0,-0.0,0.0,-0.0,35.000016,0,0.53,0.597352
175.5,153.5,143.2105,154,0.483825,0.0,-0.0,-0.0,-0.0,-0.0,0.0,-0.0,35.000017,0,0.53,0.571709
176.9,135.05,141.9048,135.4286,2.069194,0.0,-0.0,-0.0,-0.0,0.0,0.0,-0.0,35.000017,0,0.53,0.538029
179.6667,192.5,138.9,194,-4.586724,-0.0,-0.0,0.0,-0.0,0.0,0.0,-0.0,35.000017,0,0.53,0.456058
177.25,145.25,141.2174,145.913,0.517953,-0.0,-0.0,-0.0,-0.0,0.0,0.0,-0.0,35.000017,0,0.53,0.520298
179.5,145.2143,139.1786,145.6071,-4.028076,0.0,0.0,-0.0,-0.0,0.0,0.0,-0.0,35.000017,0,0.53,0.465725
174.7222,87.88889,143.8824,87.41177,-13.640357,-0.0,-0.0,-0.0,-0.0,-0.0,0.0,-0.0,35.000017,0,0.53,0.623619
184.9184,230.8571,133.7736,233,-9.654398,-0.0,-0.0,-0.0,-0.0,0.0,0.0,-0.0,35.000017,0,0.53,0.359894
174.5,80,144.375,79.25,-4.078886,-0.0,0.0,-0.0,-0.0,0.0,0.0,-0.0,35.000017,0,0.53,0.645415
185,178.5,133.6,179.6,-10.169839,-0.0,0.0,-0.0,-0.0,0.0,0.0,-0.0,35.000017,0,0.53,0.358459
179.5,84.21429,138.7857,83.5,-15.853795,-0.0,-0.0,-0.0,-0.0,0.0,0.0,-0.0,35.000017,0,0.53,0.496752
177.9091,76.90909,140.8261,76,-20.011487,0.0,0.0,-0.0,-0.0,0.0,0.0,-0.0,35.000017,0,0.53,0.54743
178.2917,77,140.2917,76,-17.279153,0.0,0.0,-0.0,-0.0,0.0,0.0,-0.0,35.000017,0,0.53,0.533374
176.3,51.9,142.1905,50.85714,-18.405534,0.0,0.0,-0.0,-0.0,0.0,0.0,-0.0,35.000017,0,0.53,0.6059
187.3509,218.0702,131.4138,219.8965,-18.39497,-0.0,0.0,-0.0,-0.0,0.0,0.0,-0.0,35.000017,0,0.53,0.319052
179.6786,113.6786,138.7857,113.5,-13.822586,0.0,-0.0,-0.0,-0.0,0.0,0.0,-0.0,35.000017,0,0.53,0.475705
176,58,142.7,56.9,-15.548251,-0.0,-0.0,-0.0,-0.0,0.0,0.0,-0.0,35.000018,0,0.53,0.610559
176.75,80.75,142,80,-16.861672,-0.0,-0.0,0.0,-0.0,0.0,0.0,-0.0,35.000018,0,0.53,0.572484
174.5,79.71429,144.3529,79,-14.587149,0.0,-0.0,0.0,-0.0,0.0,0.0,-0.0,35.000018,0,0.53,0.644965
183.439,203.3415,135.0682,205.0455,-10.212583,0.0,-0.0,0.0,-0.0,0.0,0.0,-0.0,35.000018,0,0.53,0.379698
184,209.5,134.5217,211.2609,-6.971608,-0.0,0.0,0.0,-0.0,0.0,0.0,-0.0,35.000018,0,0.53,0.371399
175.7778,139.5,142.95,139.9,-6.919276,0.0,0.0,0.0,-0.0,0.0,0.0,-0.0,35.000018,0,0.53,0.566812
179.9,203.8,138.5,205.5,-1.568935,0.0,0.0,0.0,-0.0,0.0,0.0,-0.0,35.000018,0,0.53,0.449325
177.8095,164.8571,141.04,165.6,2.278647,0.0,0.0,0.0,-0.0,0.0,0.0,-0.0,35.000018,0,0.53,0.506176
175,107.5,143.5,107.5,-0.783269,0.0,0.0,0.0,-0.0,0.0,0.0,-0.0,35.000018,0,0.53,0.602236
179.3214,142.6786,139.4815,143.1111,-6.481797,-0.0,0.0,0.0,-0.0,0.0,0.0,-0.0,35.000018,0,0.53,0.471607
177,140,141.9091,140.0909,-9.343725,0.0,0.0,0.0,-0.0,0.0,0.0,-0.0,35.000018,0,0.53,0.52929
187.6129,237.4516,131,238.4615,-4.518114,0.0,-0.0,-0.0,-0.0,0.0,0.0,-0.0,35.000018,0,0.53,0.312696
179.7241,152.5862,138.7241,153.4138,-10.528839,0.0,-0.0,-0.0,-0.0,0.0,0.0,-0.0,35.000018,0,0.53,0.455928
175.5,117,143.2778,116.8889,-8.673036,0.0,0.0,-0.0,-0.0,0.0,0.0,-0.0,35.000018,0,0.53,0.587199
180.1111,140.1111,138.5,140.5,-5.41485,-0.0,0.0,-0.0,-0.0,0.0,0.0,-0.0,35.000018,0,0.53,0.455063
179.7857,109.5,138.7241,109.4138,-11.729208,0.0,-0.0,-0.0,-0.0,0.0,0.0,-0.0,35.000019,0,0.53,0.47875
181.1818,137.1818,137.5,137.5,-16.223527,0.0,0.0,0.0,-0.0,0.0,0.0,-0.0,35.000019,0,0.53,0.436752
181.8529,157.3824,136.7027,158.1351,-13.867806,-0.0,0.0,0.0,-0.0,0.0,0.0,-0.0,35.000019,0,0.53,0.414748
186.4528,214.434,131.7636,216.1455,-12.577547,0.0,0.0,0.0,-0.0,0.0,0.0,-0.0,35.000019,0,0.53,0.328511
178,114.7083,140.76,114.68,-12.922872,-0.0,-0.0,0.0,-0.0,0.0,0.0,-0.0,35.000019,0,0.53,0.516645
185,179.913,133.5,181,-11.44876,-0.0,0.0,0.0,-0.0,0.0,0.0,-0.0,35.000019,0,0.53,0.356582
175,82,143.7647,81.23529,-15.851751,0.0,-0.0,0.0,-0.0,0.0,0.0,-0.0,35.000019,0,0.53,0.625938
182.5714,166.7714,135.975,167.675,-10.826297,-0.0,0.0,0.0,-0.0,0.0,0.0,-0.0,35.000019,0,0.53,0.399693
188.9375,235.3125,129.5,236.4583,-12.406169,0.0,0.0,-0.0,-0.0,0.0,0.0,-0.0,35.000019,0,0.53,0.294453
178,153.7083,140.6538,154.3462,-4.215234,-0.0,-0.0,-0.0,-0.0,-0.0,0.0,-0.0,35.000019,0,0.53,0.498496
182.8718,189.8718,135.7895,191.1579,-4.064112,-0.0,0.0,0.0,-0.0,0.0,0.0,-0.0,35.000019,0,0.53,0.390542
173.6154,105.6154,145.1333,105.4667,-8.42831,-0.0,0.0,0.0,-0.0,0.0,0.0,-0.0,35.000019,0,0.53,0.656555
174,111,144.5,110.7143,-8.370449,-0.0,-0.0,-0.0,-0.0,0.0,0.0,-0.0,35.00002,0,0.53,0.642724
185.9057,234.8679,132.6042,236.4167,-3.235794,0.0,-0.0,-0.0,-0.0,0.0,0.0,-0.0,35.00002,0,0.53,0.340463
175.5882,85.88235,143,85,-6.499152,-0.0,0.0,-0.0,-0.0,0.0,0.0,-0.0,35.00002,0,0.53,0.601868
180.4138,178.7241,138.303,180.0909,-11.560368,-0.0,-0.0,-0.0,-0.0,0.0,0.0,-0.0,35.00002,0,0.53,0.43996
180.6333,155.6333,137.7742,156.4839,-4.442781,0.0,-0.0,-0.0,-0.0,0.0,0.0,-0.0,35.00002,0,0.53,0.436719
175,81.5,143.7222,80.88889,-10.226265,-0.0,-0.0,-0.0,-0.0,0.0,0.0,-0.0,35.00002,0,0.53,0.630736
174.625,85.75,144,85.35294,-10.634941,0.0,0.0,0.0,-0.0,0.0,0.0,-0.0,35.00002,0,0.53,0.630397
182.5714,177.7714,136.1282,178.8718,-9.723294,-0.0,-0.0,0.0,-0.0,0.0,0.0,-0.0,35.00002,0,0.53,0.399525
184.1905,184.9286,134.1163,186.1163,-9.919588,-0.0,-0.0,0.0,-0.0,0.0,0.0,-0.0,35.00002,0,0.53,0.366953
180.6333,114.3667,138,114.3438,-13.067369,0.0,0.0,0.0,-0.0,0.0,0.0,-0.0,35.00002,0,0.53,0.457087
180.4194,113.5484,138.3667,113.3667,-17.35402,-0.0,-0.0,0.0,-0.0,0.0,0.0,-0.0,35.00002,0,0.53,0.462974
181.5,100.5,137,100,-16.896915,0.0,-0.0,0.0,-0.0,0.0,0.0,-0.0,35.00002,0,0.53,0.448378
184.6667,129,133.9286,129.1905,-21.38814,-0.0,0.0,0.0,-0.0,0.0,0.0,-0.0,35.00002,0,0.53,0.380733
179.5,95.78571,138.7857,95.5,-23.648093,0.0,0.0,0.0,-0.0,0.0,0.0,-0.0,35.00002,0,0.53,0.488424
187.95,201.9,130.4918,203.4262,-18.229783,0.0,-0.0,0.0,-0.0,0.0,0.0,-0.0,35.000021,0,0.53,0.308919
176,88,142.6316,87.21053,-19.256426,0.0,-0.0,0.0,-0.0,-0.0,0.0,-0.0,35.000021,0,0.53,0.58442
177,137,141.5,137.2727,-12.199089,0.0,0.0,0.0,-0.0,0.0,0.0,-0.0,35.000021,0,0.53,0.527242
177,151,141.6818,151.8636,-5.305174,-0.0,0.0,0.0,-0.0,0.0,0.0,-0.0,35.000021,0,0.53,0.524871
173.6154,103.6154,145,103.5,-2.291001,-0.0,0.0,0.0,-0.0,0.0,0.0,-0.0,35.000021,0,0.53,0.655473
180.5,173.5,138,174.3438,-4.200503,-0.0,0.0,0.0,-0.0,0.0,0.0,-0.0,35.000021,0,0.53,0.43675
182.0526,184.0789,136.5,185.5,-6.126764,-0.0,-0.0,0.0,-0.0,0.0,0.0,-0.0,35.000021,0,0.53,0.40716
180.4138,137.7241,138.3667,138.3667,-7.400913,0.0,0.0,0.0,-0.0,0.0,0.0,-0.0,35.000021,0,0.53,0.452039
178.6,151.96,140,152.5,-12.549219,-0.0,-0.0,0.0,-0.0,0.0,0.0,-0.0,35.000021,0,0.53,0.485039
173.8667,95.53333,144.7143,95.5,-5.750399,0.0,0.0,-0.0,-0.0,0.0,0.0,-0.0,35.000021,0,0.53,0.653156
174.2857,129.5,144.4,129.6,-6.182264,0.0,-0.0,-0.0,-0.0,0.0,0.0,-0.0,35.000021,0,0.53,0.621186
184.8421,238,133.5,239,-5.843024,0.0,-0.0,-0.0,-0.0,0.0,0.0,-0.0,35.000021,0,0.53,0.35972
174.5,139,144.4,139.4,-1.392738,0.0,-0.0,-0.0,-0.0,-0.0,0.0,-0.0,35.000022,0,0.53,0.614182
182.1,237.1333,136.5,238.125,1.622393,0.0,-0.0,-0.0,-0.0,0.0,0.0,-0.0,35.000022,0,0.53,0.409316
182.2105,232.1579,136.3571,234.2857,4.595315,-0.0,-0.0,-0.0,-0.0,-0.0,0.0,-0.0,35.000022,0,0.53,0.407895
175,139.5,143.625,139.75,1.963561,-0.0,-0.0,-0.0,-0.0,-0.0,0.0,-0.0,35.000022,0,0.53,0.588145
174.625,161.75,144,162.5,-0.081462,-0.0,-0.0,-0.0,-0.0,0.0,0.0,-0.0,35.000022,0,0.53,0.595646
174.7143,137.5,143.8889,137.7222,1.818651,-0.0,0.0,-0.0,-0.0,-0.0,0.0,-0.0,35.000022,0,0.53,0.599196
180.375,211.8438,138.5,213.5,0.235333,-0.0,0.0,-0.0,-0.0,-0.0,0.0,-0.0,35.000022,0,0.53,0.442761
175,147.5,143.7222,147.8889,3.235658,-0.0,0.0,-0.0,-0.0,-0.0,0.0,-0.0,35.000022,0,0.53,0.591098
175.7778,162.5,142.8889,163.2778,2.038655,-0.0,0.0,-0.0,-0.0,-0.0,0.0,-0.0,35.000022,0,0.53,0.560267
184.0851,235.0426,134.2308,236.7436,3.35717,-0.0,0.0,-0.0,-0.0,0.0,0.0,-0.0,35.000022,0,0.53,0.371345
183,190.1538,135.8,191.5,-1.483579,-0.0,0.0,-0.0,-0.0,0.0,0.0,-0.0,35.000022,0,0.53,0.389904
183.1282,183.1282,135.25,184.35,-13.913911,0.0,-0.0,-0.0,-0.0,0.0,0.0,-0.0,35.000023,0,0.53,0.384917
181.3438,136,137.4242,136.4242,-10.727951,0.0,-0.0,-0.0,-0.0,-0.0,0.0,-0.0,35.000023,0,0.53,0.432839
175.5,96.22222,143.1579,95.8421,-11.546385,-0.0,-0.0,-0.0,-0.0,0.0,0.0,-0.0,35.000023,0,0.53,0.594661
178.2917,93,140.2593,92.59259,-9.636012,0.0,-0.0,-0.0,-0.0,-0.0,0.0,-0.0,35.000023,0,0.53,0.521341
182.5,176.7059,136.2105,177.8421,-15.931065,-0.0,0.0,-0.0,-0.0,0.0,0.0,-0.0,35.000023,0,0.53,0.401705
181.5882,195.6765,137,197,-9.841121,-0.0,0.0,-0.0,-0.0,0.0,0.0,-0.0,35.000023,0,0.53,0.414224
179.7241,171.4138,138.6333,172.3667,-3.854812,-0.0,-0.0,-0.0,-0.0,0.0,0.0,-0.0,35.000023,0,0.53,0.451852
176.75,107.75,141.9,107.3,-4.8327,0.0,-0.0,-0.0,-0.0,0.0,0.0,-0.0,35.000023,0,0.53,0.554033
176.75,133.25,141.8571,133.8095,-4.937104,0.0,0.0,-0.0,-0.0,0.0,0.0,-0.0,35.000023,0,0.53,0.539844
177,115,141.8095,114.8571,-5.266065,0.0,-0.0,-0.0,-0.0,0.0,0.0,-0.0,35.000023,0,0.53,0.54074
184.9792,212.9167,133.3137,214.5686,-9.388055,0.0,0.0,-0.0,-0.0,0.0,0.0,-0.0,35.000024,0,0.53,0.352078
182.0278,146.9167,136.5152,147.3939,-9.198862,-0.0,0.0,-0.0,-0.0,0.0,0.0,-0.0,35.000024,0,0.53,0.415494
184,158.2439,134.3333,159,-14.888799,-0.0,-0.0,-0.0,-0.0,-0.0,0.0,-0.0,35.000024,0,0.53,0.375758
179,140.5,139.5,140.7857,-11.40976,-0.0,-0.0,-0.0,-0.0,0.0,0.0,-0.0,35.000024,0,0.53,0.479006
177.9091,161.0909,140.7083,162,-9.087282,0.0,-0.0,-0.0,-0.0,0.0,0.0,-0.0,35.000024,0,0.53,0.498408
180.7188,176.8125,137.697,177.9091,-2.273165,-0.0,0.0,-0.0,-0.0,-0.0,0.0,-0.0,35.000024,0,0.53,0.431893
173.6154,130.3846,144.8667,130.4667,-5.927056,-0.0,-0.0,-0.0,-0.0,-0.0,0.0,-0.0,35.000024,0,0.53,0.637971
177,164,141.75,164.75,0.369577,-0.0,0.0,-0.0,-0.0,0.0,0.0,-0.0,35.000024,0,0.53,0.523575
176.05,129.9,142.7895,130,0.618089,-0.0,0.0,-0.0,-0.0,0.0,0.0,-0.0,35.000024,0,0.53,0.561451
179,188.5,139.6333,189.6333,-4.30006,0.0,0.0,-0.0,-0.0,0.0,0.0,-0.0,35.000024,0,0.53,0.470281
173.6154,145.6154,145.3846,146.3846,3.137963,0.0,-0.0,-0.0,-0.0,0.0,0.0,-0.0,35.000025,0,0.53,0.641674
178,199.5,140.8261,201,4.914528,0.0,-0.0,-0.0,-0.0,0.0,0.0,-0.0,35.000025,0,0.53,0.501039
174.5,192,144,193.5,12.868292,0.0,0.0,-0.0,-0.0,0.0,0.0,-0.0,35.000025,0,0.53,0.603473
173.3846,148.3846,145.5,148.7143,3.89754,-0.0,0.0,0.0,-0.0,0.0,0.0,-0.0,35.000025,0,0.53,0.655775
179,171.5,139.6786,172.3214,6.384392,0.0,0.0,-0.0,-0.0,0.0,0.0,-0.0,35.000025,0,0.53,0.472162
174.5,87.71429,144.3529,87,-2.653503,-0.0,-0.0,-0.0,-0.0,0.0,0.0,-0.0,35.000025,0,0.53,0.637265
177.25,140.25,141.0909,140.9091,-8.955613,-0.0,0.0,-0.0,-0.0,0.0,0.0,-0.0,35.000025,0,0.53,0.519894
176.1111,89.27778,142.6316,88.78947,-5.211119,-0.0,-0.0,-0.0,-0.0,0.0,0.0,-0.0,35.000025,0,0.53,0.58572
182.2222,154.3333,136.3684,154.9211,-11.818383,0.0,-0.0,-0.0,-0.0,0.0,0.0,-0.0,35.000025,0,0.53,0.410157
180.5,124.5,138.3667,124.6333,-13.862043,0.0,-0.0,-0.0,-0.0,0.0,0.0,-0.0,35.000025,0,0.53,0.455311
175,111.5,143.5,111.5,-15.234441,-0.0,0.0,-0.0,-0.0,0.0,0.0,-0.0,35.000025,0,0.53,0.601648
176.1579,128.8421,142.3684,128.7895,-5.840315,-0.0,-0.0,-0.0,-0.0,0.0,0.0,-0.0,35.000025,0,0.53,0.557288
182.2432,187.2432,136.4286,188.7714,-4.843811,0.0,-0.0,0.0,-0.0,0.0,0.0,-0.0,35.000026,0,0.53,0.404256
175.5,84.5,143.4118,83.88235,-7.094888,0.0,0.0,0.0,-0.0,0.0,0.0,-0.0,35.000026,0,0.53,0.61263
181.5,179.5,136.8333,180.5,-11.101717,-0.0,0.0,-0.0,-0.0,0.0,0.0,-0.0,35.000026,0,0.53,0.413094
177,137,142,137,-8.018433,-0.0,-0.0,-0.0,-0.0,0.0,0.0,-0.0,35.000026,0,0.53,0.538166
175.4,124.4,143.5,124.5,-4.124153,0.0,-0.0,-0.0,-0.0,-0.0,0.0,-0.0,35.000026,0,0.53,0.585951
176.6316,130.7895,142,131,-3.754709,-0.0,0.0,-0.0,-0.0,-0.0,0.0,-0.0,35.000026,0,0.53,0.546526
177.0909,105.9091,141.5,105.5,-5.222831,0.0,-0.0,-0.0,-0.0,0.0,0.0,-0.0,35.000026,0,0.53,0.542664
182.5,205,136,206.6667,-6.193214,-0.0,-0.0,-0.0,-0.0,0.0,0.0,-0.0,35.000026,0,0.53,0.396505
176.2105,160.6316,142.5,161.2222,0.000949,0.0,-0.0,0.0,-0.0,0.0,0.0,-0.0,35.000026,0,0.53,0.548363
180.6667,180.5,137.7188,181.8125,1.965283,0.0,-0.0,0.0,-0.0,-0.0,0.0,-0.0,35.000026,0,0.53,0.431352
183,175.5,135.561,176.561,-4.88873,-0.0,-0.0,0.0,-0.0,-0.0,0.0,-0.0,35.000027,0,0.53,0.389855
179.5,119.7857,139.2143,119.5,-11.806295,0.0,-0.0,-0.0,-0.0,-0.0,0.0,-0.0,35.000027,0,0.53,0.477217
180.2759,150.4138,138.5,150.7857,-11.211074,0.0,-0.0,-0.0,-0.0,-0.0,0.0,-0.0,35.000027,0,0.53,0.451097
184.2045,182.25,134.0667,183.4444,-9.777155,-0.0,0.0,-0.0,-0.0,0.0,0.0,-0.0,35.000027,0,0.53,0.366365
176,46,142.75,44.75,-13.744472,0.0,-0.0,-0.0,-0.0,0.0,0.0,-0.0,35.000027,0,0.53,0.632021
186.4808,198.5962,132.1852,200.4074,-18.052577,0.0,0.0,-0.0,-0.0,0.0,0.0,-0.0,35.000027,0,0.53,0.332173
184.3111,196.4,134,198,-15.687484,0.0,0.0,-0.0,-0.0,0.0,0.0,-0.0,35.000027,0,0.53,0.36472
176.6316,98.21053,142,98,-5.491099,0.0,0.0,-0.0,-0.0,-0.0,0.0,-0.0,35.000027,0,0.53,0.561838
175,84.5,143.7647,83.76471,-13.810622,-0.0,-0.0,-0.0,-0.0,0.0,0.0,-0.0,35.000027,0,0.53,0.627326
184.1087,217.6304,134.1702,219.4255,-10.218584,-0.0,-0.0,-0.0,-0.0,0.0,0.0,-0.0,35.000027,0,0.53,0.367258
176.25,127.25,142.25,127.25,-5.797082,-0.0,0.0,-0.0,-0.0,0.0,0.0,-0.0,35.000028,0,0.53,0.555653
179.5,129,139.2759,129.4138,-6.437724,0.0,-0.0,-0.0,-0.0,0.0,0.0,-0.0,35.000028,0,0.53,0.474675
178.3462,148.3462,140.2917,149,-12.177583,0.0,0.0,-0.0,-0.0,-0.0,0.0,-0.0,35.000028,0,0.53,0.491991
175.5,162.5,143.5,163.2222,0.360881,0.0,-0.0,-0.0,-0.0,-0.0,0.0,-0.0,35.000028,0,0.53,0.574567
174.5,155.5,144.25,156.375,4.373049,-0.0,-0.0,-0.0,-0.0,0.0,0.0,-0.0,35.000028,0,0.53,0.603738
179,166.7083,139.6786,167.6786,4.874349,-0.0,0.0,-0.0,-0.0,0.0,0.0,-0.0,35.000028,0,0.53,0.475163
177.8261,156,141,156.8261,-3.360779,-0.0,-0.0,-0.0,-0.0,-0.0,0.0,-0.0,35.000028,0,0.53,0.505498
176.1,137.05,142.5,137.5,-2.845517,-0.0,0.0,-0.0,-0.0,-0.0,0.0,-0.0,35.000028,0,0.53,0.553774
175.8889,133.2778,142.7778,133.5,-3.830136,-0.0,-0.0,-0.0,-0.0,-0.0,0.0,-0.0,35.000028,0,0.53,0.563021
176.7,182.9,142,184,2.9324,-0.0,-0.0,-0.0,-0.0,-0.0,0.0,-0.0,35.000029,0,0.53,0.537023
173.5,113.2857,145,113,6.136992,0.0,0.0,-0.0,-0.0,-0.0,0.0,-0.0,35.000029,0,0.53,0.652171
176,162,142.9,162.95,-2.221621,-0.0,0.0,-0.0,-0.0,-0.0,0.0,-0.0,35.000029,0,0.53,0.555613
176.1111,129.7222,142.3684,129.7895,-4.880863,0.0,0.0,-0.0,-0.0,-0.0,0.0,-0.0,35.000029,0,0.53,0.557019
181.5,185.5,137.3333,186.7778,-4.650796,0.0,-0.0,-0.0,-0.0,-0.0,0.0,-0.0,35.000029,0,0.53,0.420041
177.5652,175.8261,141.0909,176.9091,1.418198,0.0,-0.0,0.0,-0.0,-0.0,0.0,-0.0,35.000029,0,0.53,0.509086
184.5217,224.7391,134,226.8367,2.029667,0.0,-0.0,-0.0,-0.0,0.0,0.0,-0.0,35.000029,0,0.53,0.363901
174.2857,109.5,144.4,109.4,-4.697837,-0.0,0.0,0.0,-0.0,0.0,0.0,-0.0,35.000029,0,0.53,0.632301
184.1333,210.7111,134.2083,212.5,-4.191981,0.0,-0.0,-0.0,-0.0,0.0,0.0,-0.0,35.000029,0,0.53,0.366174
185.4314,213.5294,133,215.5,-7.417835,0.0,0.0,-0.0,-0.0,0.0,0.0,-0.0,35.000029,0,0.53,0.345731
181.9167,168.0278,136.7027,169.1351,-10.108046,-0.0,-0.0,-0.0,-0.0,0.0,0.0,-0.0,35.000029,0,0.53,0.411453
175.1176,72.41177,143.5,71.5,-10.504409,0.0,0.0,-0.0,-0.0,0.0,0.0,-0.0,35.000029,0,0.53,0.627903
188.4118,238.2941,130.5,239,-12.835136,-0.0,-0.0,-0.0,-0.0,0.0,0.0,-0.0,35.00003,0,0.53,0.301703
181.0938,159.2188,137.5758,160.0606,-15.14179,-0.0,-0.0,-0.0,-0.0,0.0,0.0,-0.0,35.00003,0,0.53,0.42983
185.4808,229.5962,133.0943,231.8679,-10.236845,0.0,-0.0,-0.0,-0.0,0.0,0.0,-0.0,35.00003,0,0.53,0.348377
174.2857,99.5,144.5333,99.13333,-6.847939,0.0,0.0,-0.0,-0.0,0.0,0.0,-0.0,35.00003,0,0.53,0.644108
173.5,139.2857,145.2857,139.5,-0.32119,0.0,0.0,-0.0,-0.0,-0.0,0.0,-0.0,35.00003,0,0.53,0.652166
179.4138,204.7241,139.3333,206.5,3.051577,0.0,0.0,0.0,-0.0,0.0,0.0,-0.0,35.00003,0,0.53,0.463055
179.5,232.8125,139.0938,235,6.250665,0.0,0.0,-0.0,-0.0,-0.0,0.0,-0.0,35.00003,0,0.53,0.465671
178.125,165.3333,140.3846,166.1538,6.48114,0.0,-0.0,-0.0,-0.0,-0.0,0.0,-0.0,35.00003,0,0.53,0.490362
174.5,110,144,109.5,-2.187685,0.0,-0.0,-0.0,-0.0,0.0,0.0,-0.0,35.000031,0,0.53,0.618928
185.2885,233.9615,133.24,235.76,-4.959847,-0.0,0.0,-0.0,-0.0,0.0,0.0,-0.0,35.000031,0,0.53,0.35164
173.3846,124.3846,145.2857,124.5,-4.806394,0.0,0.0,-0.0,-0.0,0.0,0.0,-0.0,35.000031,0,0.53,0.657948
173.7143,99.5,144.7143,99.5,0.807046,0.0,-0.0,0.0,-0.0,0.0,0.0,-0.0,35.000031,0,0.53,0.650587
175,91.5,143.6471,91,-5.466498,-0.0,-0.0,-0.0,-0.0,0.0,0.0,-0.0,35.000031,0,0.53,0.618535
184.5319,209.4255,133.9787,211.1702,-9.192877,0.0,0.0,-0.0,-0.0,0.0,0.0,-0.0,35.000031,0,0.53,0.362057
174.6,83.4,144,82.5,-6.47554,-0.0,-0.0,-0.0,-0.0,0.0,0.0,-0.0,35.000031,0,0.53,0.632169
179.2143,111.5,139.2759,111.4138,-10.172997,0.0,0.0,0.0,-0.0,0.0,0.0,-0.0,35.000031,0,0.53,0.485361
177,56,141.5,55,-15.045801,-0.0,-0.0,0.0,-0.0,0.0,0.0,-0.0,35.000031,0,0.53,0.583183
177.4348,63.82609,141.087,62.78261,-19.040148,0.0,0.0,-0.0,-0.0,0.0,0.0,-0.0,35.000031,0,0.53,0.56643
182.6316,114.0789,136,114,-18.618422,0.0,0.0,-0.0,-0.0,0.0,0.0,-0.0,35.000031,0,0.53,0.419594
180.7097,64.29032,137.7941,63.08823,-21.773114,0.0,-0.0,-0.0,-0.0,0.0,0.0,-0.0,35.000031,0,0.53,0.491777
179.8214,86.60714,138.5862,86.27586,-24.594493,-0.0,-0.0,-0.0,-0.0,0.0,0.0,-0.0,35.000031,0,0.53,0.490178
189.2656,200.875,129.1176,202.2794,-20.048641,-0.0,0.0,-0.0,-0.0,0.0,0.0,-0.0,35.000031,0,0.53,0.29057
189.5,208.6364,128.9,210.4857,-23.081599,0.0,0.0,-0.0,-0.0,0.0,0.0,-0.0,35.000032,0,0.53,0.285355
187.2264,151.6604,131.3889,152.3889,-22.406381,0.0,0.0,-0.0,-0.0,0.0,0.0,-0.0,35.000032,0,0.53,0.333478
188.6,199.25,129.7344,200.875,-26.058998,-0.0,-0.0,-0.0,-0.0,0.0,0.0,-0.0,35.000032,0,0.53,0.298899
180.3214,134.6786,138.4138,135.2759,-21.724024,0.0,-0.0,-0.0,-0.0,0.0,0.0,-0.0,35.000032,0,0.53,0.455887
174.2857,94.5,144.5,94,-12.88739,-0.0,-0.0,-0.0,-0.0,0.0,0.0,-0.0,35.000032,0,0.53,0.639503
185.1555,190.9556,133.3265,192.4286,-7.201864,-0.0,-0.0,-0.0,-0.0,0.0,0.0,-0.0,35.000032,0,0.53,0.351018
180.4138,111.7241,138.3667,111.6333,-14.235947,0.0,-0.0,-0.0,-0.0,0.0,0.0,-0.0,35.000032,0,0.53,0.464067
175.1176,88.41177,143.5,87.77778,-17.171119,-0.0,0.0,-0.0,-0.0,0.0,0.0,-0.0,35.000032,0,0.53,0.613451
175.5,118,143,118,-6.798528,-0.0,-0.0,-0.0,-0.0,0.0,0.0,-0.0,35.000032,0,0.53,0.581805
175.8824,111.4118,142.8421,111.1579,-5.53243,0.0,0.0,-0.0,-0.0,0.0,0.0,-0.0,35.000032,0,0.53,0.578604
182.7027,174.8649,135.8718,176.1282,-7.312229,0.0,-0.0,-0.0,-0.0,0.0,0.0,-0.0,35.000032,0,0.53,0.395787
176.05,85.9,142.6316,85.21053,-11.079502,-0.0,0.0,-0.0,-0.0,0.0,0.0,-0.0,35.000032,0,0.53,0.587263
181.5429,187.0857,137,188.3243,-12.489968,0.0,-0.0,-0.0,-0.0,0.0,0.0,-0.0,35.000032,0,0.53,0.415147
180.8438,185.5938,137.697,186.9091,-5.663641,-0.0,-0.0,-0.0,-0.0,-0.0,0.0,-0.0,35.000033,0,0.53,0.428461
176.8571,135.8095,142,136,-4.342699,-0.0,-0.0,-0.0,-0.0,-0.0,0.0,-0.0,35.000033,0,0.53,0.535087
179.5,201.7857,139.2759,203.4138,-1.071955,0.0,-0.0,-0.0,-0.0,-0.0,0.0,-0.0,35.000033,0,0.53,0.46033
179.8214,215.3929,138.5,217.5,3.052449,-0.0,-0.0,-0.0,-0.0,0.0,0.0,-0.0,35.000033,0,0.53,0.45203
174.5,150,144.1333,150.5333,5.130417,-0.0,-0.0,-0.0,-0.0,0.0,0.0,-0.0,35.000033,0,0.53,0.605247
174.4,136.6,144.5,137,3.655654,0.0,0.0,-0.0,-0.0,0.0,0.0,-0.0,35.000033,0,0.53,0.614857
180.1818,236.0303,138.5,237.4167,8.878114,-0.0,0.0,-0.0,-0.0,-0.0,0.0,-0.0,35.000033,0,0.53,0.454665
175,185.5,143.5,186.7778,9.772541,0.0,-0.0,-0.0,-0.0,-0.0,0.0,-0.0,35.000033,0,0.53,0.581394
176.2381,207.619,142.25,209.25,10.285198,0.0,-0.0,-0.0,-0.0,-0.0,0.0,-0.0,35.000033,0,0.53,0.546538
175.5,108,143.2778,107.8889,1.555466,-0.0,-0.0,0.0,-0.0,-0.0,0.0,-0.0,35.000034,0,0.53,0.590622
184.1136,202.7955,134.25,204.4167,-13.332482,0.0,0.0,-0.0,-0.0,0.0,0.0,-0.0,35.000034,0,0.53,0.367966
188.9394,232.9697,129.5,235,-8.900263,0.0,-0.0,-0.0,-0.0,-0.0,0.0,-0.0,35.000034,0,0.53,0.295081
176.8571,131.1905,141.7619,131.619,-15.328262,0.0,0.0,-0.0,-0.0,0.0,0.0,-0.0,35.000034,0,0.53,0.534904
179,156.7083,139.7857,157.5,-5.974407,0.0,0.0,-0.0,-0.0,0.0,0.0,-0.0,35.000034,0,0.53,0.474613
185,237.0294,133.7059,238.1765,-5.738562,-0.0,-0.0,-0.0,-0.0,0.0,0.0,-0.0,35.000034,0,0.53,0.358134
174,113.5,144.7143,113.5,-2.848934,0.0,0.0,-0.0,-0.0,0.0,0.0,-0.0,35.000034,0,0.53,0.637936
181.5833,226.4722,136.8205,228.5897,-2.941808,-0.0,0.0,-0.0,-0.0,0.0,0.0,-0.0,35.000034,0,0.53,0.416809
180.1035,225.5172,138.5,227.7059,3.192099,-0.0,-0.0,-0.0,-0.0,0.0,0.0,-0.0,35.000034,0,0.53,0.453107
175.5,154,143.1111,154.7222,7.419583,0.0,-0.0,-0.0,-0.0,0.0,0.0,-0.0,35.000034,0,0.53,0.572821
174.8667,167.4667,144,168.5,2.29335,0.0,0.0,-0.0,-0.0,0.0,0.0,-0.0,35.000034,0,0.53,0.591717
181.4118,207.3235,137.3428,208.9429,6.842263,-0.0,0.0,0.0,-0.0,0.0,0.0,-0.0,35.000034,0,0.53,0.42157
184.84,232.12,133.9,234.38,-0.347946,0.0,-0.0,0.0,-0.0,0.0,0.0,-0.0,35.000034,0,0.53,0.361418
175.5,149.5,143.1579,150.1579,-2.85151,-0.0,-0.0,-0.0,-0.0,0.0,0.0,-0.0,35.000035,0,0.53,0.569199
180.3438,183,138.3667,184.3667,1.000978,0.0,-0.0,-0.0,-0.0,0.0,0.0,-0.0,35.000035,0,0.53,0.444018
174.5,115,144.2778,114.8889,-3.070346,-0.0,-0.0,-0.0,-0.0,0.0,0.0,-0.0,35.000035,0,0.53,0.614369
176.75,109.75,142.1,109.3,-4.033605,-0.0,0.0,-0.0,-0.0,0.0,0.0,-0.0,35.000035,0,0.53,0.556058
174.5,126.2857,144.4,126.4,-9.430893,-0.0,0.0,-0.0,-0.0,0.0,0.0,-0.0,35.000035,0,0.53,0.616894
180.4194,183.9355,138.3667,185.3667,1.699773,-0.0,0.0,-0.0,-0.0,0.0,0.0,-0.0,35.000035,0,0.53,0.439186
184.8298,220.4255,133.76,222.44,-3.426596,0.0,-0.0,-0.0,-0.0,0.0,0.0,-0.0,35.000035,0,0.53,0.358637
179.5185,161.8889,138.7241,162.5862,-4.196326,-0.0,-0.0,-0.0,-0.0,0.0,0.0,-0.0,35.000035,0,0.53,0.456729
174.5,82,144.5,81.28571,-6.913956,0.0,0.0,-0.0,-0.0,-0.0,0.0,-0.0,35.000035,0,0.53,0.65025
179,179.5,139.5,180.7857,-9.457877,0.0,0.0,-0.0,-0.0,0.0,0.0,-0.0,35.000036,0,0.53,0.469722
174.4667,105.1333,144.4667,104.8667,-0.912874,-0.0,-0.0,-0.0,-0.0,0.0,0.0,-0.0,35.000036,0,0.53,0.633611
174.5,120.7143,144.4,120.6,-5.171719,-0.0,0.0,-0.0,-0.0,0.0,0.0,-0.0,35.000036,0,0.53,0.617791
177,154,141.619,154.7619,-2.490811,-0.0,0.0,-0.0,-0.0,0.0,0.0,-0.0,35.000036,0,0.53,0.523551
178.5926,177.2593,140,178.5,4.249276,-0.0,0.0,-0.0,-0.0,0.0,0.0,-0.0,35.000036,0,0.53,0.481341
177.1739,136,141.0909,136.0909,-0.27388,0.0,-0.0,0.0,-0.0,0.0,0.0,-0.0,35.000036,0,0.53,0.521369
175.8824,87.58823,142.9,86.95,-6.124605,0.0,0.0,0.0,-0.0,0.0,0.0,-0.0,35.000036,0,0.53,0.590891
185.94,209.78,132.5192,211.5962,-11.890263,0.0,-0.0,-0.0,-0.0,0.0,0.0,-0.0,35.000036,0,0.53,0.33944
174.7222,106.1111,143.7647,105.7647,-11.984304,-0.0,0.0,0.0,-0.0,-0.0,0.0,-0.0,35.000036,0,0.53,0.610059
176.5,129.5,142.25,129.75,-6.38037,0.0,-0.0,0.0,-0.0,-0.0,0.0,-0.0,35.000036,0,0.53,0.548701
182.2973,226.1351,136.2619,228.1905,0.412453,0.0,0.0,0.0,-0.0,-0.0,0.0,-0.0,35.000036,0,0.53,0.404092
177,140,141.7619,140.619,0.871571,0.0,0.0,-0.0,-0.0,0.0,0.0,-0.0,35.000037,0,0.53,0.532715
175,148.5,143.8824,149.4118,-4.180624,-0.0,-0.0,-0.0,-0.0,0.0,0.0,-0.0,35.000037,0,0.53,0.593061
180.2759,199.4138,138.5806,200.9355,2.562499,0.0,-0.0,-0.0,-0.0,0.0,0.0,-0.0,35.000037,0,0.53,0.446316
173.6154,148.6154,145,149.5,0.911995,-0.0,0.0,-0.0,-0.0,0.0,0.0,-0.0,35.000037,0,0.53,0.635651
177.9091,168.0909,140.8261,169,1.667038,-0.0,0.0,-0.0,-0.0,0.0,0.0,-0.0,35.000037,0,0.53,0.500568
175.5882,96.11765,143.1111,95.72222,-5.108473,-0.0,0.0,0.0,-0.0,-0.0,0.0,-0.0,35.000037,0,0.53,0.595285
176.9,101.3,142,101,-9.660524,-0.0,0.0,0.0,-0.0,0.0,0.0,-0.0,35.000037,0,0.53,0.551695
175.5,81,143.2778,80.11111,-11.594796,0.0,0.0,0.0,-0.0,0.0,0.0,-0.0,35.000037,0,0.53,0.611586
174,86,144.7143,85.5,-11.975592,-0.0,-0.0,0.0,-0.0,0.0,0.0,-0.0,35.000037,0,0.53,0.658383
174.1333,121.5333,144.5333,121.8667,-8.077752,0.0,-0.0,0.0,-0.0,0.0,0.0,-0.0,35.000038,0,0.53,0.631578
174.8667,119.5333,144,119.5,-1.333932,0.0,-0.0,0.0,-0.0,0.0,0.0,-0.0,35.000038,0,0.53,0.605537
178.4074,196.2593,140,197.5,-0.001092,0.0,0.0,-0.0,-0.0,0.0,0.0,-0.0,35.000038,0,0.53,0.485454
174.8667,114.4667,144,114.5,4.464788,-0.0,-0.0,-0.0,-0.0,0.0,0.0,-0.0,35.000038,0,0.53,0.608186
182.5789,206.3421,135.925,208.05,-4.416178,0.0,0.0,0.0,-0.0,0.0,0.0,-0.0,35.000038,0,0.53,0.395673
180.8438,174.5938,137.5,175.5,-4.011386,-0.0,-0.0,-0.0,-0.0,0.0,0.0,-0.0,35.000038,0,0.53,0.429869
177,122,141.75,122.25,-6.695714,0.0,0.0,0.0,-0.0,0.0,0.0,-0.0,35.000038,0,0.53,0.537792
176.6316,124.7895,142,125,-7.902123,-0.0,-0.0,-0.0,-0.0,-0.0,0.0,-0.0,35.000038,0,0.53,0.547579
176.6316,105.7895,142.2,105.5,-6.493399,-0.0,0.0,-0.0,-0.0,0.0,0.0,-0.0,35.000038,0,0.53,0.559963
177.2727,155.5,141.2174,156.087,-9.982079,0.0,0.0,-0.0,-0.0,0.0,0.0,-0.0,35.000038,0,0.53,0.516999
177.5,140.5,141.0909,140.9091,-1.894087,0.0,0.0,0.0,-0.0,0.0,0.0,-0.0,35.000038,0,0.53,0.516859
185.7115,215.0385,132.7736,217,-5.459855,-0.0,0.0,-0.0,-0.0,-0.0,0.0,-0.0,35.000038,0,0.53,0.34246
184.8913,211.3696,133.6863,213.4314,-10.364562,0.0,-0.0,-0.0,-0.0,-0.0,0.0,-0.0,35.000038,0,0.53,0.356495
174.8667,119.4667,144,119.5,-8.787728,-0.0,0.0,-0.0,-0.0,0.0,0.0,-0.0,35.000038,0,0.53,0.60484
184,224.5,134.25,226.4167,-3.611411,-0.0,0.0,-0.0,-0.0,0.0,0.0,-0.0,35.000039,0,0.53,0.36979
181.9211,222.1842,136.7027,224.1351,-3.935551,-0.0,-0.0,-0.0,-0.0,0.0,0.0,-0.0,35.000039,0,0.53,0.411783
179.5517,219.3103,139.129,221.0968,1.635637,0.0,-0.0,-0.0,-0.0,0.0,0.0,-0.0,35.000039,0,0.53,0.463306
176.2381,214.619,142.4737,216.3684,11.743136,-0.0,0.0,-0.0,-0.0,0.0,0.0,-0.0,35.000039,0,0.53,0.553614
312,7,314,5,14.096789,-0.0,-0.0,-0.0,-0.0,-0.0,0.0,-0.0,35.000039,0,0.53,0.389512
310,14,312,12,17.029322,-0.0,0.0,-0.0,-0.0,0.0,0.0,-0.0,35.000039,0,0.53,0.370825
177.125,227.3333,141.5,229.3077,11.432095,0.0,-0.0,0.0,-0.0,-0.0,0.0,-0.0,35.000039,0,0.53,0.527513
173.5,130.2857,145.3846,130.3846,8.809734,-0.0,0.0,0.0,-0.0,0.0,0.0,-0.0,35.000039,0,0.53,0.651394
176,136,142.6667,136.3333,1.70915,-0.0,-0.0,-0.0,-0.0,0.0,0.0,-0.0,35.000039,0,0.53,0.5565
186,223,132.5,225,-3.192212,-0.0,-0.0,-0.0,-0.0,0.0,0.0,-0.0,35.000039,0,0.53,0.338482
175,78.5,143.5882,77.88235,-12.600007,-0.0,-0.0,-0.0,-0.0,0.0,0.0,-0.0,35.00004,0,0.53,0.626274
176.3684,103.2105,142,103,-11.558978,-0.0,-0.0,0.0,-0.0,0.0,0.0,-0.0,35.00004,0,0.53,0.562946
187.339,222.7119,131.1833,224.5833,-10.321772,-0.0,0.0,-0.0,-0.0,0.0,0.0,-0.0,35.00004,0,0.53,0.317993
178.6538,134.6538,139.9167,134.9167,-13.082349,0.0,-0.0,-0.0,-0.0,0.0,0.0,-0.0,35.00004,0,0.53,0.488448
176.2222,124.5,142.25,124.75,-9.465791,-0.0,-0.0,-0.0,-0.0,0.0,0.0,-0.0,35.00004,0,0.53,0.553436
176.6471,131.4706,142.0909,131.9091,-7.059938,0.0,0.0,-0.0,-0.0,-0.0,0.0,-0.0,35.00004,0,0.53,0.545116
174.2857,106.5,144.5,106.2857,-0.528968,-0.0,0.0,-0.0,-0.0,0.0,0.0,-0.0,35.00004,0,0.53,0.637929
185.8235,212.6078,132.6182,214.3091,-4.590394,0.0,0.0,-0.0,-0.0,0.0,0.0,-0.0,35.00004,0,0.53,0.340359
180.8182,158.1818,137.697,158.9091,-11.196189,0.0,0.0,0.0,-0.0,0.0,0.0,-0.0,35.00004,0,0.53,0.432776
179.6786,128.6786,138.7857,128.8571,-10.119187,-0.0,-0.0,-0.0,-0.0,0.0,0.0,-0.0,35.00004,0,0.53,0.46824
177.2727,68.5,141.2727,67.5,-12.905721,0.0,0.0,-0.0,-0.0,0.0,0.0,-0.0,35.00004,0,0.53,0.565131
184,174.5,134.4667,175.5778,-17.752726,-0.0,0.0,-0.0,-0.0,0.0,0.0,-0.0,35.00004,0,0.53,0.373133
174.7647,97.76471,144,97.5,-14.441513,0.0,-0.0,-0.0,-0.0,0.0,0.0,-0.0,35.00004,0,0.53,0.620966
177.5,164.5,141.0833,165.5,-7.667271,-0.0,-0.0,-0.0,-0.0,0.0,0.0,-0.0,35.000041,0,0.53,0.51029
179.04,162.4,139.5,163.2143,-0.360053,0.0,-0.0,-0.0,-0.0,0.0,0.0,-0.0,35.000041,0,0.53,0.471485
173.5714,133,145.1333,133.4667,-4.799098,-0.0,0.0,-0.0,-0.0,0.0,0.0,-0.0,35.000041,0,0.53,0.641411
175.5,117,143.2778,117.1111,1.933586,0.0,0.0,-0.0,-0.0,0.0,0.0,-0.0,35.000041,0,0.53,0.587379
176.75,155.25,142,156,-5.39797,-0.0,0.0,-0.0,-0.0,0.0,0.0,-0.0,35.000041,0,0.53,0.530217
177.6087,176.0435,141,177.2917,-0.830693,-0.0,0.0,-0.0,-0.0,0.0,0.0,-0.0,35.000041,0,0.53,0.505844
174,103.5,144.6,103.4,1.886418,-0.0,0.0,-0.0,-0.0,0.0,0.0,-0.0,35.000041,0,0.53,0.644878
176.8,112.5,141.75,112.25,-4.880432,-0.0,0.0,-0.0,-0.0,0.0,0.0,-0.0,35.000041,0,0.53,0.545984
175.5,94,143.2222,93.5,-9.513658,-0.0,-0.0,-0.0,-0.0,0.0,0.0,-0.0,35.000041,0,0.53,0.601683
175,70.5,143.5,69.5,-9.713858,-0.0,0.0,-0.0,-0.0,0.0,0.0,-0.0,35.000041,0,0.53,0.634391
184.8605,180,133.766,181.1489,-12.875075,0.0,-0.0,-0.0,-0.0,0.0,0.0,-0.0,35.000041,0,0.53,0.359659
178,112,140.7826,111.913,-8.814362,0.0,0.0,-0.0,-0.0,0.0,0.0,-0.0,35.000041,0,0.53,0.517541
175.5,104,143.1579,103.8421,-12.020811,0.0,0.0,-0.0,-0.0,0.0,0.0,-0.0,35.000041,0,0.53,0.59137
183,206.6667,135.2791,208.2791,-7.082881,0.0,0.0,-0.0,-0.0,0.0,0.0,-0.0,35.000042,0,0.53,0.385624
179.4828,193.1035,139.2759,194.4138,0.052216,-0.0,-0.0,-0.0,-0.0,0.0,0.0,-0.0,35.000042,0,0.53,0.46342
178,192.5,140.5,194,1.423076,0.0,-0.0,-0.0,-0.0,0.0,0.0,-0.0,35.000042,0,0.53,0.491501
176,147,142.75,147.75,5.091728,0.0,-0.0,-0.0,-0.0,-0.0,0.0,-0.0,35.000042,0,0.53,0.556205
177,183,141.9091,184.0909,-0.607885,-0.0,0.0,0.0,-0.0,-0.0,0.0,-0.0,35.000042,0,0.53,0.523463
179,237.1739,139.5,238.6,9.52234,-0.0,-0.0,-0.0,-0.0,0.0,0.0,-0.0,35.000042,0,0.53,0.479699
179.8214,207.3929,138.697,209.0909,8.816067,0.0,0.0,-0.0,-0.0,0.0,0.0,-0.0,35.000042,0,0.53,0.449748
183.7209,217.4419,135,219.5,3.078023,0.0,-0.0,-0.0,-0.0,0.0,0.0,-0.0,35.000042,0,0.53,0.378709
175,112.5,143.7647,112.2353,-4.105179,0.0,-0.0,-0.0,-0.0,0.0,0.0,-0.0,35.000042,0,0.53,0.606513
182.0857,169.5429,136.5,170.5,-3.15379,0.0,0.0,-0.0,-0.0,0.0,0.0,-0.0,35.000043,0,0.53,0.408736
178.6154,147.1538,140,147.7083,-10.557681,-0.0,0.0,-0.0,-0.0,0.0,0.0,-0.0,35.000043,0,0.53,0.484107
174.2857,125.5,144.6,125.6,-6.971183,-0.0,0.0,-0.0,-0.0,-0.0,0.0,-0.0,35.000043,0,0.53,0.629163
173.5,115.2857,145.3846,115.3846,-0.62493,-0.0,-0.0,-0.0,-0.0,0.0,0.0,-0.0,35.000043,0,0.53,0.656402
175.2778,96.11111,143.5,95.5,-1.443159,0.0,-0.0,-0.0,-0.0,0.0,0.0,-0.0,35.000043,0,0.53,0.609529
182.5,178,136,179,-8.754744,0.0,0.0,-0.0,-0.0,0.0,0.0,-0.0,35.000043,0,0.53,0.399279
177.7083,117,141.0909,116.9091,-9.905818,0.0,0.0,-0.0,-0.0,0.0,0.0,-0.0,35.000043,0,0.53,0.524327
179.5,172.2143,138.9655,173.2069,-10.280373,-0.0,0.0,-0.0,-0.0,0.0,0.0,-0.0,35.000043,0,0.53,0.457253
181.1143,197.8857,137.5,199.2941,-1.422803,-0.0,0.0,-0.0,-0.0,0.0,0.0,-0.0,35.000043,0,0.53,0.425727
175.7222,131.8889,143,132,-1.93101,-0.0,-0.0,-0.0,-0.0,0.0,0.0,-0.0,35.000043,0,0.53,0.571508
180.7097,173.2903,137.7188,174.1875,-0.182489,-0.0,-0.0,-0.0,-0.0,0.0,0.0,-0.0,35.000043,0,0.53,0.431913
175.5,56.22222,143,55,-10.741604,0.0,0.0,-0.0,-0.0,0.0,0.0,-0.0,35.000044,0,0.53,0.630776
177,105,141.6818,104.8636,-13.847188,-0.0,-0.0,0.0,-0.0,0.0,0.0,-0.0,35.000044,0,0.53,0.544359
174.5,117,144.2353,116.7647,-11.296257,0.0,0.0,-0.0,-0.0,0.0,0.0,-0.0,35.000044,0,0.53,0.616845
174.7647,126.2353,143.8889,126.2778,-0.463841,-0.0,0.0,-0.0,-0.0,0.0,0.0,-0.0,35.000044,0,0.53,0.601073
180.3438,198,138.5,199.5,-2.310517,0.0,-0.0,-0.0,-0.0,0.0,0.0,-0.0,35.000044,0,0.53,0.440759
174,139.5,144.5,139.7143,-1.769576,-0.0,0.0,-0.0,-0.0,0.0,0.0,-0.0,35.000044,0,0.53,0.628211
176.75,144.25,142,145,2.6176,-0.0,0.0,-0.0,-0.0,0.0,0.0,-0.0,35.000044,0,0.53,0.533567
183.1282,166.1282,135.325,167.025,-8.852109,0.0,0.0,-0.0,-0.0,0.0,0.0,-0.0,35.000044,0,0.53,0.389222
175.4118,104.8824,143.2222,104.5,-13.944997,0.0,-0.0,-0.0,-0.0,0.0,0.0,-0.0,35.000044,0,0.53,0.594108
177.25,143.25,141.0909,143.9091,-7.747219,0.0,0.0,-0.0,-0.0,0.0,0.0,-0.0,35.000044,0,0.53,0.520579
183.7381,233.1905,135.0638,235.2979,-3.833363,0.0,0.0,-0.0,-0.0,0.0,0.0,-0.0,35.000045,0,0.53,0.382042
182.5,207.5,136,209.2439,-0.232391,-0.0,0.0,-0.0,-0.0,0.0,0.0,-0.0,35.000045,0,0.53,0.397937
179.5,154.7857,139.1111,155.4815,-3.457867,0.0,0.0,-0.0,-0.0,0.0,0.0,-0.0,35.000045,0,0.53,0.46302
176.5294,144.6471,142,145,-7.461397,0.0,-0.0,-0.0,-0.0,0.0,0.0,-0.0,35.000045,0,0.53,0.541487
176.3333,142.3333,142,143,-2.375541,0.0,0.0,0.0,-0.0,0.0,0.0,-0.0,35.000045,0,0.53,0.544699
181.5,227.2941,137.0732,229.5366,-2.628225,-0.0,0.0,0.0,-0.0,0.0,0.0,-0.0,35.000045,0,0.53,0.420078
173.6154,119.6154,144.8667,119.5333,0.613977,-0.0,0.0,-0.0,-0.0,0.0,0.0,-0.0,35.000045,0,0.53,0.644691
176.6316,142.7895,142.2105,143.3684,-1.069223,0.0,-0.0,-0.0,-0.0,0.0,0.0,-0.0,35.000045,0,0.53,0.541868
182.2432,208.7568,136.1795,210.4103,-2.742221,-0.0,0.0,0.0,-0.0,0.0,0.0,-0.0,35.000045,0,0.53,0.401455
178.2917,171,140.2917,172,-2.703396,0.0,0.0,0.0,-0.0,0.0,0.0,-0.0,35.000045,0,0.53,0.487619
180.6333,172.6333,137.9118,173.7941,-1.08307,-0.0,-0.0,0.0,-0.0,0.0,0.0,-0.0,35.000045,0,0.53,0.434988
180.6333,162.6333,137.7742,163.4839,-6.470088,-0.0,0.0,0.0,-0.0,0.0,0.0,-0.0,35.000045,0,0.53,0.435626
179.7241,180.4138,138.7241,181.5862,-8.733836,0.0,0.0,-0.0,-0.0,0.0,0.0,-0.0,35.000046,0,0.53,0.45362
174.7647,107.7647,144,107.5,-2.496572,-0.0,-0.0,-0.0,-0.0,0.0,0.0,-0.0,35.000046,0,0.53,0.610413
174.2857,116.5,144.5,116.2857,-5.983464,0.0,0.0,-0.0,-0.0,0.0,0.0,-0.0,35.000046,0,0.53,0.631037
185.3,213.12,133.2115,214.7692,-2.675596,-0.0,0.0,-0.0,-0.0,0.0,0.0,-0.0,35.000046,0,0.53,0.349507
178.7083,127,139.7083,127,-9.643815,-0.0,-0.0,-0.0,-0.0,0.0,0.0,-0.0,35.000046,0,0.53,0.48905
182.5,185,136,186.2439,-10.831421,-0.0,-0.0,-0.0,-0.0,0.0,0.0,-0.0,35.000046,0,0.53,0.398065
175.5,125,143.3529,125,-8.445924,0.0,-0.0,-0.0,-0.0,0.0,0.0,-0.0,35.000046,0,0.53,0.585616
181.5714,175.2286,136.973,176.1622,-3.633809,-0.0,-0.0,-0.0,-0.0,0.0,0.0,-0.0,35.000046,0,0.53,0.41584
174.5,99.71429,144.4,99.4,-7.255716,-0.0,0.0,-0.0,-0.0,0.0,0.0,-0.0,35.000046,0,0.53,0.637229
178.5,124,140.2917,124,-6.175982,0.0,0.0,-0.0,-0.0,0.0,0.0,-0.0,35.000046,0,0.53,0.498926
173.8667,122.4667,144.7143,122.5,-4.225278,-0.0,-0.0,-0.0,-0.0,0.0,0.0,-0.0,35.000046,0,0.53,0.636087
175.5,123.5,143.2222,123.5,0.92525,0.0,0.0,-0.0,-0.0,0.0,0.0,-0.0,35.000047,0,0.53,0.582845
173.5,137.7143,145.3846,138.3846,-0.461711,-0.0,-0.0,-0.0,-0.0,0.0,0.0,-0.0,35.000047,0,0.53,0.651921
174.7143,148.5,144,149.3529,-2.765814,0.0,0.0,0.0,-0.0,-0.0,0.0,-0.0,35.000047,0,0.53,0.596792
177.9091,163.9091,141,164.7083,2.744327,-0.0,0.0,-0.0,-0.0,0.0,0.0,-0.0,35.000047,0,0.53,0.503151
175.1111,101.7222,143.5,101.5,-1.245389,-0.0,0.0,-0.0,-0.0,0.0,0.0,-0.0,35.000047,0,0.53,0.60609
174.5,85.71429,144.5,85,-7.588526,0.0,-0.0,-0.0,-0.0,0.0,0.0,-0.0,35.000047,0,0.53,0.646568
176,135,142.75,135.25,-8.807487,-0.0,-0.0,-0.0,-0.0,0.0,0.0,-0.0,35.000047,0,0.53,0.56132
177.0909,119.9091,141.619,119.7619,-3.056589,0.0,0.0,-0.0,-0.0,0.0,0.0,-0.0,35.000047,0,0.53,0.536347
187.7167,230.1167,130.5781,232.4688,-8.655837,0.0,-0.0,-0.0,-0.0,0.0,0.0,-0.0,35.000047,0,0.53,0.311283
185.8163,191.1429,132.5686,192.5294,-12.696209,-0.0,0.0,-0.0,-0.0,0.0,0.0,-0.0,35.000047,0,0.53,0.342509
177.2727,94.5,141.1739,94,-15.61916,0.0,0.0,-0.0,-0.0,0.0,0.0,-0.0,35.000047,0,0.53,0.544992
175,71.5,143.5,70.5,-13.641003,-0.0,0.0,-0.0,-0.0,0.0,0.0,-0.0,35.000047,0,0.53,0.634299
175.5882,61.88235,143.1111,60.72222,-12.658752,-0.0,-0.0,-0.0,-0.0,0.0,0.0,-0.0,35.000047,0,0.53,0.624487
178.3462,123.6538,140.24,123.68,-15.272826,0.0,-0.0,-0.0,-0.0,0.0,0.0,-0.0,35.000048,0,0.53,0.501378
179.5,155.2143,139.1111,155.8889,-10.776622,-0.0,-0.0,-0.0,-0.0,0.0,0.0,-0.0,35.000048,0,0.53,0.4632
176.75,156.75,142,157.5,-6.634747,-0.0,0.0,-0.0,-0.0,0.0,0.0,-0.0,35.000048,0,0.53,0.535148
175.2778,122.8889,143.5,123,0.029499,-0.0,-0.0,-0.0,-0.0,0.0,0.0,-0.0,35.000048,0,0.53,0.592142
182.8824,236.9706,135.8421,238,3.034304,-0.0,0.0,-0.0,-0.0,0.0,0.0,-0.0,35.000048,0,0.53,0.398383
181.7027,206.8649,136.8421,208.5,-2.36145,0.0,0.0,-0.0,-0.0,0.0,0.0,-0.0,35.000048,0,0.53,0.411848
176.3684,163.2105,142.1905,164.1429,-0.18391,0.0,0.0,-0.0,-0.0,0.0,0.0,-0.0,35.000048,0,0.53,0.540631
175.5882,134.8824,143,135,1.970367,0.0,0.0,-0.0,-0.0,0.0,0.0,-0.0,35.000048,0,0.53,0.57204
176.1176,118.4118,142.5,118.5,-2.317269,-0.0,-0.0,-0.0,-0.0,0.0,0.0,-0.0,35.000048,0,0.53,0.564599
173.6154,117.3846,145.2857,117.5,-6.695838,0.0,-0.0,-0.0,-0.0,0.0,0.0,-0.0,35.000048,0,0.53,0.651215
184,237.8182,134.6,238.8,-3.321435,0.0,0.0,-0.0,-0.0,0.0,0.0,-0.0,35.000049,0,0.53,0.372528
181.5,170.5,136.9444,171.25,-1.377039,0.0,0.0,-0.0,-0.0,0.0,0.0,-0.0,35.000049,0,0.53,0.416859
187.1897,227.9655,131.5,230,-13.323427,0.0,-0.0,-0.0,-0.0,0.0,0.0,-0.0,35.000049,0,0.53,0.321879
178.3846,166.8462,140.3462,167.6538,-11.201342,-0.0,-0.0,-0.0,-0.0,0.0,0.0,-0.0,35.000049,0,0.53,0.487359
175.1111,118.2778,143.5882,118.1176,-2.057609,-0.0,0.0,-0.0,-0.0,0.0,0.0,-0.0,35.000049,0,0.53,0.596559
174.5,131.7143,144.2105,132,-4.7307,-0.0,0.0,-0.0,-0.0,0.0,0.0,-0.0,35.000049,0,0.53,0.606059
177.9091,155.9091,141,156.2917,-0.620774,-0.0,0.0,-0.0,-0.0,0.0,0.0,-0.0,35.000049,0,0.53,0.507568
178.7083,140,140,140.5,-4.105257,-0.0,-0.0,-0.0,-0.0,0.0,0.0,-0.0,35.000049,0,0.53,0.486022
185,192.087,133.5686,193.5294,-8.494235,-0.0,0.0,-0.0,-0.0,0.0,0.0,-0.0,35.00005,0,0.53,0.355485
182.1143,145.8857,136.3333,146.2222,-13.243171,0.0,-0.0,0.0,-0.0,0.0,0.0,-0.0,35.00005,0,0.53,0.412619
184.3571,157.5714,134.1136,158.2045,-15.489025,-0.0,0.0,0.0,-0.0,0.0,0.0,-0.0,35.00005,0,0.53,0.372074
185.6304,153.1087,132.84,153.74,-18.480572,0.0,-0.0,0.0,-0.0,0.0,0.0,-0.0,35.00005,0,0.53,0.353507
177.7273,87.5,140.9091,86.90909,-22.371563,-0.0,0.0,0.0,-0.0,0.0,0.0,-0.0,35.00005,0,0.53,0.54046
179.1111,124.5185,139.5,124.7857,-15.550075,0.0,-0.0,0.0,-0.0,0.0,0.0,-0.0,35.00005,0,0.53,0.48269
181,138.5,137.625,138.8438,-12.348905,-0.0,-0.0,0.0,-0.0,-0.0,0.0,-0.0,35.00005,0,0.53,0.438162
176.6316,93.78947,142.1429,93.19048,-14.008169,0.0,0.0,0.0,-0.0,-0.0,0.0,-0.0,35.00005,0,0.53,0.56702
178.3462,111.6538,140.2143,111.5,-12.112653,-0.0,-0.0,-0.0,-0.0,0.0,0.0,-0.0,35.00005,0,0.53,0.507274
176.75,106.75,142,106.5,-12.978484,0.0,0.0,0.0,-0.0,0.0,0.0,-0.0,35.00005,0,0.53,0.555143
178.5,134.5,140,134.7083,-10.080917,-0.0,-0.0,0.0,-0.0,0.0,0.0,-0.0,35.00005,0,0.53,0.491275
179,166.5,139.7857,167.5,-9.242279,-0.0,0.0,0.0,-0.0,0.0,0.0,-0.0,35.00005,0,0.53,0.476036
183.6512,218.1861,135.0667,220.1333,-3.489919,-0.0,-0.0,-0.0,-0.0,0.0,0.0,-0.0,35.00005,0,0.53,0.379864
180.1935,195.7742,138.5,197.5,-3.73479,-0.0,-0.0,0.0,-0.0,0.0,0.0,-0.0,35.00005,0,0.53,0.444737
179.8,207.6667,138.5,209.5,-0.048646,-0.0,0.0,-0.0,-0.0,0.0,0.0,-0.0,35.00005,0,0.53,0.450494
178.1739,163,140.4074,163.7407,3.249888,-0.0,0.0,-0.0,-0.0,0.0,0.0,-0.0,35.000051,0,0.53,0.491706
185.3846,230.4615,133,232.5,-2.533513,0.0,-0.0,0.0,-0.0,0.0,0.0,-0.0,35.000051,0,0.53,0.348414
187.875,235.8571,130.5897,236.9744,-6.091579,-0.0,0.0,-0.0,-0.0,-0.0,0.0,0.0,35.000051,0,0.53,0.309769
177.0909,91.09091,141.25,90.75,-11.736589,-0.0,0.0,-0.0,-0.0,0.0,0.0,0.0,35.000051,0,0.53,0.54801
182.1667,131.5,136.4286,131.7714,-14.144342,0.0,-0.0,-0.0,-0.0,0.0,0.0,0.0,35.000051,0,0.53,0.42013
176.7,22.1,142.087,20.21739,-17.787527,0.0,0.0,0.0,-0.0,0.0,0.0,0.0,35.000051,0,0.53,0.633727
175.4118,71.11765,143.3684,70.21053,-22.481714,-0.0,0.0,-0.0,-0.0,0.0,0.0,0.0,35.000051,0,0.53,0.622551
178.087,126.7826,140.4,126.96,-13.365385,0.0,0.0,-0.0,-0.0,0.0,0.0,0.0,35.000051,0,0.53,0.503573
176.6316,122.7895,142,123,-2.525562,0.0,0.0,-0.0,-0.0,-0.0,0.0,0.0,35.000051,0,0.53,0.549864
179.5862,153.2759,138.9286,153.7857,-6.869137,-0.0,-0.0,-0.0,-0.0,-0.0,0.0,0.0,35.000051,0,0.53,0.461194
175.4118,102.8824,143.3529,102.4706,-7.994455,-0.0,0.0,-0.0,-0.0,-0.0,0.0,0.0,35.000051,0,0.53,0.595975
175.2778,94.88889,143.5,94.5,-8.083799,-0.0,-0.0,-0.0,-0.0,0.0,0.0,0.0,35.000051,0,0.53,0.611782
188.0976,237.0244,130.3636,238,-8.831315,0.0,-0.0,-0.0,-0.0,-0.0,0.0,0.0,35.000051,0,0.53,0.307065
174.2857,101.5,144.5,101,-11.780588,-0.0,-0.0,-0.0,-0.0,-0.0,0.0,0.0,35.000052,0,0.53,0.636991
179.5,165.7857,139.2759,166.5862,-5.763411,0.0,0.0,-0.0,-0.0,0.0,0.0,0.0,35.000052,0,0.53,0.46088
182,205,136.4286,206.7714,-5.101468,-0.0,-0.0,-0.0,-0.0,0.0,0.0,0.0,35.000052,0,0.53,0.40763
184.875,223.6458,133.8085,225.6383,-2.67877,-0.0,-0.0,-0.0,-0.0,0.0,0.0,0.0,35.000052,0,0.53,0.359247
178.6538,149.6538,140,150.2917,-6.183986,-0.0,0.0,-0.0,-0.0,0.0,0.0,0.0,35.000052,0,0.53,0.485761
183.7381,225.1905,134.9787,227.1702,-6.268601,-0.0,0.0,0.0,-0.0,0.0,0.0,0.0,35.000052,0,0.53,0.379261
177.8261,159,141,159.7083,-2.319484,0.0,-0.0,-0.0,-0.0,0.0,0.0,0.0,35.000052,0,0.53,0.505644
178.7857,179.5,140,180.5,-2.153645,0.0,-0.0,0.0,-0.0,-0.0,0.0,0.0,35.000052,0,0.53,0.479131
178.7083,148,140,148.5,0.019945,-0.0,-0.0,0.0,-0.0,0.0,0.0,0.0,35.000052,0,0.53,0.483556
180.4194,188.9355,138.1818,190.1818,-0.15429,-0.0,0.0,-0.0,-0.0,-0.0,0.0,0.0,35.000052,0,0.53,0.436946
183.8372,203.5581,134.8636,205.0909,-2.571744,-0.0,0.0,-0.0,-0.0,-0.0,0.0,0.0,35.000052,0,0.53,0.376222
175.2353,129.2353,143.5,129.5,-7.475519,-0.0,0.0,-0.0,-0.0,0.0,0.0,0.0,35.000052,0,0.53,0.584859
179.6207,177.069,138.7667,178.1333,-2.681353,-0.0,-0.0,-0.0,-0.0,0.0,0.0,0.0,35.000053,0,0.53,0.453267
174.2857,92.5,144.5,91.71429,-3.367309,-0.0,-0.0,-0.0,-0.0,0.0,0.0,0.0,35.000053,0,0.53,0.646833
181.8857,182.1143,136.6857,183.3143,-8.425673,-0.0,0.0,-0.0,-0.0,0.0,0.0,0.0,35.000053,0,0.53,0.409675
185.7647,205.8431,132.64,207.5,-7.515515,0.0,-0.0,-0.0,-0.0,0.0,0.0,0.0,35.000053,0,0.53,0.342581
174.5,87.71429,144.5,87.28571,-12.334142,0.0,-0.0,-0.0,-0.0,0.0,0.0,0.0,35.000053,0,0.53,0.646063
178.7917,146.7917,139.8462,147.3846,-8.362061,-0.0,0.0,-0.0,-0.0,0.0,0.0,0.0,35.000053,0,0.53,0.481859
178.3462,163.3462,140.1923,164.1923,-7.300458,0.0,0.0,-0.0,-0.0,0.0,0.0,0.0,35.000053,0,0.53,0.486524
180.697,209.0909,137.8286,211,-2.9765,0.0,-0.0,-0.0,-0.0,0.0,0.0,0.0,35.000053,0,0.53,0.433443
173.8667,148.5333,144.7143,149.5,5.465339,0.0,-0.0,-0.0,-0.0,0.0,0.0,0.0,35.000053,0,0.53,0.62757
179.3333,213.5,139.3667,215.3667,8.223895,0.0,-0.0,-0.0,-0.0,0.0,0.0,0.0,35.000053,0,0.53,0.465271
175.5,143.5,143,144,6.138111,0.0,0.0,-0.0,-0.0,0.0,0.0,0.0,35.000053,0,0.53,0.570624
175.5,118,143.5,118,1.2661,-0.0,0.0,-0.0,-0.0,0.0,0.0,0.0,35.000054,0,0.53,0.589283
176,146,142.5,146.7778,1.47032,-0.0,0.0,-0.0,-0.0,0.0,0.0,0.0,35.000054,0,0.53,0.550698
180.3226,160.0968,138.3667,160.6333,-1.294042,0.0,-0.0,-0.0,-0.0,0.0,0.0,0.0,35.000054,0,0.53,0.445135
184.7692,236.7436,133.88,237.64,-8.250495,0.0,-0.0,-0.0,-0.0,0.0,0.0,0.0,35.000054,0,0.53,0.362309
183.4878,214.1707,135.0682,216.0455,-2.361009,0.0,-0.0,-0.0,-0.0,0.0,0.0,0.0,35.000054,0,0.53,0.38013
176.6316,111.2105,142,111,-4.555833,-0.0,-0.0,0.0,-0.0,-0.0,0.0,0.0,35.000054,0,0.53,0.555595
177.5,88.72727,141.0909,88.09091,-9.047816,-0.0,-0.0,-0.0,-0.0,-0.0,0.0,0.0,35.000054,0,0.53,0.545882
183.2619,202.8095,135.1136,204.2045,-14.90172,0.0,0.0,-0.0,-0.0,0.0,0.0,0.0,35.000054,0,0.53,0.382071
175.1176,94.41177,143.5882,93.88235,-2.736542,-0.0,0.0,-0.0,-0.0,0.0,0.0,0.0,35.000055,0,0.53,0.611043
176.3684,122.2105,142.25,122.25,-9.069955,0.0,-0.0,-0.0,-0.0,0.0,0.0,0.0,35.000055,0,0.53,0.554703
179.7857,148.5,138.7586,149.2414,-6.569244,0.0,-0.0,-0.0,-0.0,0.0,0.0,0.0,35.000055,0,0.53,0.459655
179.5,158,139.3214,158.6786,-9.242734,-0.0,0.0,-0.0,-0.0,0.0,0.0,0.0,35.000055,0,0.53,0.464956
175.2353,126.7647,143.5,127,-6.443467,0.0,0.0,-0.0,-0.0,0.0,0.0,0.0,35.000055,0,0.53,0.589151
185.1633,208.2245,133.2353,209.8431,-4.033829,-0.0,0.0,-0.0,-0.0,0.0,0.0,0.0,35.000055,0,0.53,0.349677
179.5,139.2143,138.8889,139.5185,-10.685995,0.0,0.0,-0.0,-0.0,0.0,0.0,0.0,35.000055,0,0.53,0.465561
185.75,235.6154,132.6923,236.9487,-8.619172,0.0,-0.0,-0.0,-0.0,0.0,0.0,0.0,35.000055,0,0.53,0.343789
178.125,168.3333,140.4074,169.2593,-5.722395,-0.0,-0.0,-0.0,-0.0,-0.0,0.0,0.0,35.000055,0,0.53,0.491282
181.2647,176,137.3824,177.1471,-1.341074,0.0,-0.0,-0.0,-0.0,-0.0,0.0,0.0,35.000055,0,0.53,0.423107
176,123.5,142.7778,123.5,-4.788603,0.0,-0.0,-0.0,-0.0,0.0,0.0,0.0,35.000056,0,0.53,0.565799
186,238.2667,132.5,239,-5.43368,-0.0,0.0,-0.0,-0.0,-0.0,0.0,0.0,35.000056,0,0.53,0.339492
179.2143,182.5,139.5,183.7857,-5.362761,-0.0,-0.0,-0.0,-0.0,0.0,0.0,0.0,35.000056,0,0.53,0.464717
176,166,142.75,166.75,-0.791786,-0.0,0.0,-0.0,-0.0,0.0,0.0,0.0,35.000056,0,0.53,0.552319
178.5,191,140.1111,192.4815,3.511523,-0.0,0.0,-0.0,-0.0,-0.0,0.0,0.0,35.000056,0,0.53,0.485106
179.6071,157.1786,138.8214,157.6071,-3.274178,0.0,0.0,-0.0,-0.0,0.0,0.0,0.0,35.000056,0,0.53,0.458287
184.8542,226.8958,133.9216,228.9804,-7.420364,0.0,0.0,-0.0,-0.0,0.0,0.0,0.0,35.000056,0,0.53,0.359889
180.4138,137.7241,138.2903,138.2903,-7.698654,-0.0,-0.0,-0.0,-0.0,-0.0,0.0,0.0,35.000056,0,0.53,0.448745
180.2759,107.4138,138.4138,107.2759,-12.936686,-0.0,-0.0,0.0,-0.0,-0.0,0.0,0.0,35.000056,0,0.53,0.468649
180.2759,124.5862,138.4138,124.7241,-17.634795,0.0,0.0,0.0,-0.0,-0.0,0.0,0.0,35.000056,0,0.53,0.460636
176.2778,115.1111,142.1,115.05,-14.60032,-0.0,-0.0,0.0,-0.0,0.0,0.0,0.0,35.000056,0,0.53,0.558709
175.5,119,143,119,-7.955884,-0.0,0.0,0.0,-0.0,-0.0,0.0,0.0,35.000057,0,0.53,0.579319
178,145.7083,140.7083,146,-5.478615,0.0,-0.0,0.0,-0.0,-0.0,0.0,0.0,35.000057,0,0.53,0.501715
180.4138,157.2759,138.3667,157.6333,-5.88251,0.0,-0.0,0.0,-0.0,0.0,0.0,0.0,35.000057,0,0.53,0.445603
174.5,130.7143,144.3529,131,-8.850939,0.0,-0.0,-0.0,-0.0,0.0,0.0,0.0,35.000057,0,0.53,0.608185
180.4194,176.9355,138.4194,178.0645,-0.667652,-0.0,-0.0,-0.0,-0.0,0.0,0.0,0.0,35.000057,0,0.53,0.442847
174.6,116.4,144,116.3529,-4.599129,0.0,-0.0,-0.0,-0.0,0.0,0.0,0.0,35.000057,0,0.53,0.609614
177.8182,146.2727,140.9091,146.9091,-4.04045,-0.0,0.0,0.0,-0.0,0.0,0.0,0.0,35.000057,0,0.53,0.508545
184.0769,236.6667,134.5,237.75,-4.840104,0.0,0.0,-0.0,-0.0,0.0,0.0,0.0,35.000057,0,0.53,0.37204
178,166.5,140.6538,167.3462,-0.851111,0.0,-0.0,-0.0,-0.0,0.0,0.0,0.0,35.000057,0,0.53,0.497106
180.2759,163.5862,138.5,164.5,-1.221924,-0.0,-0.0,-0.0,-0.0,0.0,0.0,0.0,35.000057,0,0.53,0.446429
187.6,230.4833,130.7302,232.7619,-7.257397,0.0,0.0,-0.0,-0.0,-0.0,0.0,0.0,35.000057,0,0.53,0.313698
176,97,142.7778,96.5,-12.203011,-0.0,-0.0,0.0,-0.0,0.0,0.0,0.0,35.000057,0,0.53,0.578925
173.6923,108.9231,144.7143,108.5,-10.558909,-0.0,0.0,-0.0,-0.0,-0.0,0.0,0.0,35.000058,0,0.53,0.646458
185.3585,222.9434,133.0577,224.9423,-3.449363,0.0,0.0,-0.0,-0.0,0.0,0.0,0.0,35.000058,0,0.53,0.348511
181,169.2424,137.5714,170.2286,-7.672455,0.0,0.0,-0.0,-0.0,0.0,0.0,0.0,35.000058,0,0.53,0.428945
176.8571,107.8095,141.7619,107.381,-8.033725,-0.0,-0.0,-0.0,-0.0,0.0,0.0,0.0,35.000058,0,0.53,0.549256
177,96,141.75,95.75,-10.349029,0.0,-0.0,-0.0,-0.0,0.0,0.0,0.0,35.000058,0,0.53,0.555061
183.2683,203.9024,135.0667,205.4444,-12.517539,0.0,0.0,0.0,-0.0,0.0,0.0,0.0,35.000058,0,0.53,0.381629
179.5,138.7857,139.3214,139.3214,-6.579484,0.0,0.0,-0.0,-0.0,0.0,0.0,0.0,35.000058,0,0.53,0.471312
184.9333,180.4444,133.6,181.6,-10.257891,0.0,0.0,0.0,-0.0,0.0,0.0,0.0,35.000058,0,0.53,0.35641
175.8421,63.84211,142.75,62.75,-15.765199,-0.0,0.0,0.0,-0.0,0.0,0.0,0.0,35.000058,0,0.53,0.612878
176.75,71.75,142.0909,70.90909,-15.549288,0.0,-0.0,-0.0,-0.0,0.0,0.0,0.0,35.000058,0,0.53,0.584483
180.6333,116.6333,138,116.6563,-15.733197,0.0,0.0,-0.0,-0.0,0.0,0.0,0.0,35.000058,0,0.53,0.455775
188.4032,231.8871,130,234,-16.967722,-0.0,-0.0,-0.0,-0.0,0.0,0.0,0.0,35.000058,0,0.53,0.301657
174.7647,89.76471,143.8889,89.27778,-14.175344,-0.0,0.0,-0.0,-0.0,0.0,0.0,0.0,35.000058,0,0.53,0.624987
175,104.5,143.8824,104.4118,-9.124186,0.0,0.0,-0.0,-0.0,0.0,0.0,0.0,35.000058,0,0.53,0.610567
178.0909,125.0909,140.6,125.04,-6.654721,0.0,-0.0,-0.0,-0.0,0.0,0.0,0.0,35.000058,0,0.53,0.508346
181.375,151.3438,137.3824,151.8529,-9.803486,-0.0,0.0,-0.0,-0.0,0.0,0.0,0.0,35.000059,0,0.53,0.427843
177.9091,115.9091,141,115.7083,-12.240339,-0.0,-0.0,-0.0,-0.0,0.0,0.0,0.0,35.000059,0,0.53,0.521183
181.8529,153.3824,136.8286,154,-10.82697,0.0,0.0,-0.0,-0.0,-0.0,0.0,0.0,35.000059,0,0.53,0.416548
180.9706,181.1471,137.5714,182.2286,-13.258974,0.0,-0.0,-0.0,-0.0,0.0,0.0,0.0,35.000059,0,0.53,0.427275
180.3226,174.9032,138.4194,176.0645,-5.440772,0.0,0.0,-0.0,-0.0,-0.0,0.0,0.0,35.000059,0,0.53,0.444658
182.9767,229.5814,135.7209,231.7209,-4.82406,0.0,0.0,-0.0,-0.0,0.0,0.0,0.0,35.000059,0,0.53,0.392242
173.5714,105,145.2857,104.5,0.527736,0.0,0.0,-0.0,-0.0,0.0,0.0,0.0,35.000059,0,0.53,0.659544
180.2759,172.4138,138.5,173.5,-3.702042,-0.0,0.0,-0.0,-0.0,0.0,0.0,0.0,35.000059,0,0.53,0.447338
174.5333,89.86667,144,89.35294,-5.114816,0.0,0.0,-0.0,-0.0,0.0,0.0,0.0,35.000059,0,0.53,0.628976
174.4667,97.86667,144.5,97.5,-8.917938,0.0,-0.0,-0.0,-0.0,-0.0,0.0,0.0,35.000059,0,0.53,0.642207
187.5593,229.9661,130.6557,231.918,-6.295538,0.0,-0.0,-0.0,-0.0,0.0,0.0,0.0,35.000059,0,0.53,0.312744
179.7667,180.8667,138.7097,182.2903,-5.956594,-0.0,-0.0,-0.0,-0.0,0.0,0.0,0.0,35.000059,0,0.53,0.452127
178.5926,155.7407,140,156.5,-2.577329,-0.0,0.0,-0.0,-0.0,0.0,0.0,0.0,35.000059,0,0.53,0.4851
180.3333,163.5,138.3667,164.3667,-2.856657,0.0,0.0,-0.0,-0.0,-0.0,0.0,0.0,35.00006,0,0.53,0.445528
178,158.2917,140.5,159,-7.399965,0.0,0.0,-0.0,-0.0,-0.0,0.0,0.0,35.00006,0,0.53,0.495867
174.5,74.28571,144.4,73.4,-3.210551,-0.0,0.0,-0.0,-0.0,-0.0,0.0,0.0,35.00006,0,0.53,0.655658
179.7857,121.5,139,121.5,-10.899262,0.0,-0.0,-0.0,-0.0,0.0,0.0,0.0,35.00006,0,0.53,0.473947
175.2778,92.11111,143.5,91.5,-12.27702,0.0,0.0,-0.0,-0.0,-0.0,0.0,0.0,35.00006,0,0.53,0.611762
176.25,78.75,142.25,77.75,-9.467682,0.0,-0.0,0.0,-0.0,-0.0,0.0,0.0,35.00006,0,0.53,0.584526
177.1429,93.80952,141.3182,93.13636,-14.262386,-0.0,-0.0,-0.0,-0.0,0.0,0.0,0.0,35.00006,0,0.53,0.548698
176.1,55.05,142.25,53.75,-13.540806,0.0,-0.0,0.0,-0.0,0.0,0.0,0.0,35.00006,0,0.53,0.609213
180.2759,144.5862,138.4138,145.2759,-17.61337,-0.0,0.0,-0.0,-0.0,0.0,0.0,0.0,35.00006,0,0.53,0.451786
178.4,144.04,140.1538,144.6154,-10.95648,0.0,0.0,-0.0,-0.0,0.0,0.0,0.0,35.00006,0,0.53,0.491817
187.4138,222.1035,131.1452,224.129,-6.924102,-0.0,-0.0,-0.0,-0.0,0.0,0.0,0.0,35.00006,0,0.53,0.317037
174.8667,56.46667,143.8421,55.15789,-13.370203,0.0,-0.0,-0.0,-0.0,0.0,0.0,0.0,35.00006,0,0.53,0.655689
177,114,141.6818,113.8636,-8.968105,0.0,-0.0,-0.0,-0.0,0.0,0.0,0.0,35.000061,0,0.53,0.5385
180.3214,146.3214,138.5,146.5,-9.773637,-0.0,0.0,-0.0,-0.0,0.0,0.0,0.0,35.000061,0,0.53,0.451337
176,113.5,142.7895,113.3684,-10.718479,0.0,0.0,-0.0,-0.0,-0.0,0.0,0.0,35.000061,0,0.53,0.573025
183.7561,160,135,160.7561,-9.859786,0.0,0.0,-0.0,-0.0,0.0,0.0,0.0,35.000061,0,0.53,0.383756
179.5,117.2143,139.3214,117.3214,-16.160354,0.0,0.0,-0.0,-0.0,0.0,0.0,0.0,35.000061,0,0.53,0.481102
181.5,160.5,137.1471,161.3824,-14.202522,-0.0,0.0,-0.0,-0.0,0.0,0.0,0.0,35.000061,0,0.53,0.420972
175.5,98,143.1176,97.58823,-11.015363,-0.0,0.0,-0.0,-0.0,0.0,0.0,0.0,35.000061,0,0.53,0.594074
176.3529,88.52941,142,88,-10.83325,-0.0,-0.0,-0.0,-0.0,0.0,0.0,0.0,35.000061,0,0.53,0.574845
175.7895,107,142.8421,106.8421,-12.745098,-0.0,0.0,-0.0,-0.0,0.0,0.0,0.0,35.000061,0,0.53,0.580906
179.7241,140.5862,138.6667,141.2,-8.116967,0.0,-0.0,-0.0,-0.0,0.0,0.0,0.0,35.000061,0,0.53,0.461384
179,122.5,139.5862,122.7241,-10.769461,-0.0,0.0,-0.0,-0.0,0.0,0.0,0.0,35.000061,0,0.53,0.484707
180.2759,122.5862,138.4138,122.7241,-12.662082,-0.0,-0.0,-0.0,-0.0,0.0,0.0,0.0,35.000061,0,0.53,0.462507
180.1035,145.6897,138.5,146.5,-14.884487,-0.0,-0.0,-0.0,-0.0,0.0,0.0,0.0,35.000062,0,0.53,0.454004
179.5185,107.8889,139,107.5,-10.463411,0.0,0.0,-0.0,-0.0,0.0,0.0,0.0,35.000062,0,0.53,0.482481
185.5,224.5,133,226.5,-16.217861,0.0,0.0,-0.0,-0.0,0.0,0.0,0.0,35.000062,0,0.53,0.346381
175.1,139.95,143.5,140.5,-7.598716,-0.0,-0.0,-0.0,-0.0,0.0,0.0,0.0,35.000062,0,0.53,0.588329
181.9268,228.7073,136.5641,230.9231,0.161444,0.0,0.0,-0.0,-0.0,0.0,0.0,0.0,35.000062,0,0.53,0.411975
178,190.2917,140.8462,191.6154,3.008146,-0.0,0.0,-0.0,-0.0,0.0,0.0,0.0,35.000062,0,0.53,0.498062
177.0909,181.9091,141.2917,183,4.36635,0.0,-0.0,-0.0,-0.0,0.0,0.0,0.0,35.000062,0,0.53,0.514696
174.5,153,144,153.5,4.004185,-0.0,0.0,-0.0,-0.0,0.0,0.0,0.0,35.000062,0,0.53,0.603664
173.8333,133,144.8667,133.4667,4.215626,0.0,0.0,-0.0,-0.0,0.0,0.0,0.0,35.000062,0,0.53,0.635519
174.2857,109.5,144.5,109,1.511007,0.0,-0.0,-0.0,-0.0,0.0,0.0,0.0,35.000062,0,0.53,0.634317
173.5,112.7143,145.2857,112.5,-4.161151,-0.0,-0.0,-0.0,-0.0,0.0,0.0,0.0,35.000062,0,0.53,0.656576
181,191.3438,137.5,192.7059,-6.880049,0.0,0.0,-0.0,-0.0,-0.0,0.0,0.0,35.000062,0,0.53,0.428294
175.5,127.5,143.4706,127.6471,-3.051326,-0.0,0.0,-0.0,-0.0,-0.0,0.0,0.0,35.000062,0,0.53,0.585683
175.8824,140.4118,142.8421,140.8421,-3.030441,0.0,-0.0,-0.0,-0.0,0.0,0.0,0.0,35.000063,0,0.53,0.56273
175.2778,155.8889,143.5,156.5,-1.670238,-0.0,0.0,-0.0,-0.0,0.0,0.0,0.0,35.000063,0,0.53,0.5783
178.96,175.6,139.6786,176.6786,3.136772,0.0,0.0,-0.0,-0.0,0.0,0.0,0.0,35.000063,0,0.53,0.474462
177,142,141.6364,142.3636,-1.37307,-0.0,-0.0,-0.0,-0.0,0.0,0.0,0.0,35.000063,0,0.53,0.526521
176.75,133.75,142,134,-4.267478,-0.0,-0.0,-0.0,-0.0,0.0,0.0,0.0,35.000063,0,0.53,0.537257
183.5,194.5,135.0682,196.0455,-5.296269,-0.0,-0.0,-0.0,-0.0,0.0,0.0,0.0,35.000063,0,0.53,0.37971
178.5,157,140.1739,158,-8.984666,-0.0,0.0,-0.0,-0.0,-0.0,0.0,0.0,35.000063,0,0.53,0.486037
184.8913,235.3696,133.675,236.775,-2.365307,0.0,-0.0,-0.0,-0.0,0.0,0.0,0.0,35.000063,0,0.53,0.359958
175.8889,124.2778,142.7895,124.3684,-3.171083,-0.0,0.0,-0.0,-0.0,-0.0,0.0,0.0,35.000063,0,0.53,0.568603
184.7209,196.0698,133.8913,197.6304,-5.025927,0.0,0.0,-0.0,-0.0,0.0,0.0,0.0,35.000063,0,0.53,0.360045
182.0278,148.9167,136.5,149.5,-11.641511,-0.0,0.0,-0.0,-0.0,-0.0,0.0,0.0,35.000063,0,0.53,0.41501
181.8571,167.7143,136.6857,168.6572,-9.373077,0.0,-0.0,-0.0,-0.0,0.0,0.0,0.0,35.000063,0,0.53,0.411989
185.6863,210.5686,132.75,212.3846,-10.54307,-0.0,0.0,-0.0,-0.0,0.0,0.0,0.0,35.000063,0,0.53,0.342562
178,88.70834,140.7083,88,-11.313314,-0.0,-0.0,-0.0,-0.0,0.0,0.0,0.0,35.000064,0,0.53,0.534297
189.5455,219.7576,128.9143,221.7,-15.804336,0.0,0.0,-0.0,-0.0,0.0,0.0,0.0,35.000064,0,0.53,0.284983
179.8965,65.31035,138.6333,64.36667,-20.118263,0.0,0.0,-0.0,-0.0,0.0,0.0,0.0,35.000064,0,0.53,0.505852
180.7097,135.7097,137.7188,136.1875,-23.132949,-0.0,0.0,-0.0,-0.0,0.0,0.0,0.0,35.000064,0,0.53,0.441763
179.7778,128.7037,138.7,129,-14.135019,-0.0,-0.0,-0.0,-0.0,0.0,0.0,0.0,35.000064,0,0.53,0.465025
175.3529,87,143.5,86.5,-13.210975,0.0,0.0,-0.0,-0.0,0.0,0.0,0.0,35.000064,0,0.53,0.613957
181.9474,204.9211,136.5676,206.4324,-10.458949,0.0,0.0,-0.0,-0.0,0.0,0.0,0.0,35.000064,0,0.53,0.406052
174.2857,130.5,144.5,131,-2.886648,0.0,-0.0,0.0,-0.0,0.0,0.0,0.0,35.000064,0,0.53,0.621987
178.96,193.6,139.6786,195.3214,0.132345,0.0,-0.0,-0.0,-0.0,0.0,0.0,0.0,35.000064,0,0.53,0.47223
175.2778,142.8889,143.5,143.5,5.804802,-0.0,-0.0,-0.0,-0.0,0.0,0.0,0.0,35.000064,0,0.53,0.583603
178.96,151.6,139.6786,152.3214,0.445081,0.0,-0.0,-0.0,-0.0,0.0,0.0,0.0,35.000064,0,0.53,0.477189
176.7895,153.6316,142,154,-6.674038,0.0,0.0,-0.0,-0.0,0.0,0.0,0.0,35.000064,0,0.53,0.533901
177,146,141.5,146.5,-0.867797,-0.0,0.0,-0.0,-0.0,0.0,0.0,0.0,35.000064,0,0.53,0.524741
178.92,195.2,139.7241,196.5862,-2.385428,0.0,0.0,-0.0,-0.0,0.0,0.0,0.0,35.000065,0,0.53,0.473453
175,180.6471,143.7222,181.8889,7.765492,-0.0,-0.0,-0.0,-0.0,0.0,0.0,0.0,35.000065,0,0.53,0.590593
177.3913,197.9565,141,199.5,9.869118,0.0,0.0,-0.0,-0.0,0.0,0.0,0.0,35.000065,0,0.53,0.511157
174.6,105.4,144.1111,105.2778,1.303174,0.0,-0.0,-0.0,-0.0,0.0,0.0,0.0,35.000065,0,0.53,0.618555
181.6111,212.8611,136.8205,214.5897,-6.033627,-0.0,0.0,-0.0,-0.0,0.0,0.0,0.0,35.000065,0,0.53,0.413904
180.8857,211.1143,137.6111,213.1389,-0.146982,-0.0,-0.0,-0.0,-0.0,0.0,0.0,0.0,35.000065,0,0.53,0.428512
173.5,133.2857,145.3846,133.3846,5.210259,0.0,-0.0,-0.0,-0.0,0.0,0.0,0.0,35.000065,0,0.53,0.654791
177.9091,140.9091,140.913,141.2174,-1.210927,0.0,0.0,-0.0,-0.0,-0.0,0.0,0.0,35.000065,0,0.53,0.50949
179,143.2917,139.5,143.7857,-0.61434,0.0,0.0,-0.0,-0.0,0.0,0.0,0.0,35.000066,0,0.53,0.477992
176.75,108.25,142,108,-8.539878,0.0,0.0,-0.0,-0.0,0.0,0.0,0.0,35.000066,0,0.53,0.555551
175,70.5,143.75,69.625,-9.671081,-0.0,0.0,-0.0,-0.0,0.0,0.0,0.0,35.000066,0,0.53,0.637562
177.5,113,141.0909,112.9091,-12.667979,-0.0,-0.0,-0.0,-0.0,-0.0,0.0,0.0,35.000066,0,0.53,0.528013
174,96,144.7143,95.5,-10.853575,-0.0,0.0,-0.0,-0.0,-0.0,0.0,0.0,35.000066,0,0.53,0.651676
183.0698,227.4651,135.2667,229.6889,-6.158357,0.0,-0.0,-0.0,-0.0,0.0,0.0,0.0,35.000066,0,0.53,0.387778
177.087,176.7826,141.6818,177.8636,5.973351,-0.0,0.0,-0.0,-0.0,0.0,0.0,0.0,35.000066,0,0.53,0.520353
177.5,195.5,141.1739,197,3.305261,-0.0,0.0,-0.0,-0.0,0.0,0.0,0.0,35.000066,0,0.53,0.509604
175.1176,149.4118,143.5,150,6.666913,0.0,0.0,0.0,-0.0,0.0,0.0,0.0,35.000066,0,0.53,0.58158
182.4595,215.0811,135.9756,217.1219,1.812765,0.0,-0.0,-0.0,-0.0,0.0,0.0,0.0,35.000066,0,0.53,0.39745
175.5,173,143,174,1.741631,0.0,0.0,0.0,-0.0,0.0,0.0,0.0,35.000066,0,0.53,0.565176
176.913,179.7826,141.9091,180.9091,6.218733,-0.0,0.0,0.0,-0.0,-0.0,0.0,0.0,35.000066,0,0.53,0.525575
175.4118,177.8824,143.2778,178.8889,4.90914,0.0,-0.0,-0.0,-0.0,0.0,0.0,0.0,35.000067,0,0.53,0.573591
176.8,171.5,141.8636,172.5455,11.745683,0.0,-0.0,-0.0,-0.0,0.0,0.0,0.0,35.000067,0,0.53,0.529443
176.75,154.75,142,155,2.828887,0.0,-0.0,-0.0,-0.0,-0.0,0.0,0.0,35.000067,0,0.53,0.53667
178.7083,157,139.92,157.8,-0.437883,-0.0,0.0,-0.0,-0.0,0.0,0.0,0.0,35.000067,0,0.53,0.481584
175,85.35294,144,84.5,-4.939858,0.0,-0.0,-0.0,-0.0,0.0,0.0,0.0,35.000067,0,0.53,0.625704
184.0682,203.9545,134.4255,205.6808,-10.185225,0.0,0.0,-0.0,-0.0,0.0,0.0,0.0,35.000067,0,0.53,0.368815
187.5,229.5,130.9524,231.6984,-8.489665,-0.0,0.0,-0.0,-0.0,0.0,0.0,0.0,35.000067,0,0.53,0.316456
186.6545,206.0727,131.5614,207.8246,-11.892406,-0.0,0.0,-0.0,-0.0,0.0,0.0,0.0,35.000067,0,0.53,0.325749
180.6667,175.5,137.5806,176.5484,-15.241903,0.0,-0.0,-0.0,-0.0,0.0,0.0,0.0,35.000067,0,0.53,0.430813
176.7895,124,142,124,-6.479539,0.0,0.0,-0.0,-0.0,-0.0,0.0,0.0,35.000067,0,0.53,0.548674
175.2778,124.8889,143.5,125,-6.636073,0.0,-0.0,-0.0,-0.0,-0.0,0.0,0.0,35.000067,0,0.53,0.589444
173.5,125.7143,145.3077,125.9231,-3.380724,0.0,-0.0,-0.0,-0.0,0.0,0.0,0.0,35.000067,0,0.53,0.649604
176.3684,130.2105,142.2105,130.3684,0.660491,0.0,-0.0,-0.0,-0.0,-0.0,0.0,0.0,35.000067,0,0.53,0.54835
175,113.5,143.75,113.375,-1.433732,0.0,0.0,-0.0,-0.0,-0.0,0.0,0.0,35.000068,0,0.53,0.605388
185.8679,221.9434,132.625,224,-5.016063,0.0,0.0,-0.0,-0.0,0.0,0.0,0.0,35.000068,0,0.53,0.340729
184,214.5,134.5417,216.3958,-9.185373,0.0,-0.0,-0.0,-0.0,-0.0,0.0,0.0,35.000068,0,0.53,0.370892
180.2759,187.5862,138.375,189.1563,-5.850293,0.0,-0.0,-0.0,-0.0,-0.0,0.0,0.0,35.000068,0,0.53,0.444687
179.7241,147.4138,138.5862,147.7241,-1.86263,-0.0,-0.0,-0.0,-0.0,-0.0,0.0,0.0,35.000068,0,0.53,0.458477
181.5,154.5,137.0882,155.2059,-9.697472,0.0,-0.0,-0.0,-0.0,0.0,0.0,0.0,35.000068,0,0.53,0.42233
174.1333,106.5333,144.7143,106.5,-12.224658,-0.0,-0.0,-0.0,-0.0,0.0,0.0,0.0,35.000068,0,0.53,0.641043
176.7778,129.5,142,130,-7.868749,-0.0,0.0,-0.0,-0.0,-0.0,0.0,0.0,35.000068,0,0.53,0.544848
177.2381,83.61905,141.2917,83,-10.798461,0.0,0.0,-0.0,-0.0,-0.0,0.0,0.0,35.000068,0,0.53,0.555423
179,132.7083,139.5,133,-15.249305,0.0,-0.0,-0.0,-0.0,0.0,0.0,0.0,35.000068,0,0.53,0.483131
178.1739,149,140.5,149.5,-4.230663,-0.0,0.0,0.0,-0.0,0.0,0.0,0.0,35.000069,0,0.53,0.496128
182.5405,204.9189,136.0244,206.4146,-5.407923,-0.0,-0.0,-0.0,-0.0,0.0,0.0,0.0,35.000069,0,0.53,0.398456
183.675,200.025,135,201.5,-3.972006,-0.0,0.0,-0.0,-0.0,0.0,0.0,0.0,35.000069,0,0.53,0.377834
182.1667,173.5,136.4286,174.7714,-8.029412,-0.0,-0.0,-0.0,-0.0,-0.0,0.0,0.0,35.000069,0,0.53,0.406133
179.2593,107.4074,139.5,107.2143,-9.973901,0.0,-0.0,-0.0,-0.0,0.0,0.0,0.0,35.000069,0,0.53,0.490093
185.4444,172.9333,133,173.913,-15.582861,-0.0,0.0,-0.0,-0.0,-0.0,0.0,0.0,35.000069,0,0.53,0.350632
175.7222,34.88889,143,33,-18.36961,0.0,0.0,-0.0,-0.0,0.0,0.0,0.0,35.000069,0,0.53,0.649565
178.5926,54.74074,140,53.5,-19.248799,0.0,-0.0,-0.0,-0.0,-0.0,0.0,0.0,35.000069,0,0.53,0.547885
180.2759,111.5862,138.5,111.5,-21.81986,0.0,-0.0,-0.0,-0.0,-0.0,0.0,0.0,35.000069,0,0.53,0.469713
176,101,142.6316,100.7895,-16.58575,0.0,0.0,-0.0,-0.0,0.0,0.0,0.0,35.000069,0,0.53,0.575981
183.1282,191.1282,135.0952,192.619,-9.779959,-0.0,0.0,-0.0,-0.0,-0.0,0.0,0.0,35.000069,0,0.53,0.384207
181,156.6563,137.5,157.5,-9.041886,0.0,-0.0,0.0,-0.0,-0.0,0.0,0.0,35.000069,0,0.53,0.431162
183,180.5,135.3684,181.9211,-10.634292,-0.0,0.0,-0.0,-0.0,0.0,0.0,0.0,35.000069,0,0.53,0.388083
182.4286,147.2286,136.1282,147.8718,-10.893996,0.0,-0.0,-0.0,-0.0,0.0,0.0,0.0,35.000069,0,0.53,0.407323
179.0833,118.0833,139.5,118,-15.870118,0.0,-0.0,-0.0,-0.0,0.0,0.0,0.0,35.000069,0,0.53,0.487543
175.375,68.75,143.5,67.77778,-14.609868,0.0,0.0,-0.0,-0.0,0.0,0.0,0.0,35.00007,0,0.53,0.627297
175.5,98.5,143,98,-13.643095,-0.0,-0.0,-0.0,-0.0,0.0,0.0,0.0,35.00007,0,0.53,0.592736
186.3273,209.2,132.3036,210.875,-9.26399,-0.0,0.0,-0.0,-0.0,0.0,0.0,0.0,35.00007,0,0.53,0.3338
185.5,237.2941,133,238.1053,-5.37198,0.0,0.0,-0.0,-0.0,0.0,0.0,0.0,35.00007,0,0.53,0.346152
176.1579,72.1579,142.75,71.25,-12.781721,0.0,-0.0,-0.0,-0.0,0.0,0.0,0.0,35.00007,0,0.53,0.598776
174.5882,66.88235,144,65.64706,-14.652463,-0.0,0.0,-0.0,-0.0,0.0,0.0,0.0,35.00007,0,0.53,0.648156
182.5,185.8333,136.0526,187.0789,-12.826813,-0.0,-0.0,-0.0,-0.0,0.0,0.0,0.0,35.00007,0,0.53,0.399239
183.9524,178.1667,134.5111,179.1778,-8.109504,-0.0,0.0,-0.0,-0.0,0.0,0.0,0.0,35.00007,0,0.53,0.372341
175.3529,109,143.4118,108.8824,-13.771331,0.0,-0.0,-0.0,-0.0,0.0,0.0,0.0,35.00007,0,0.53,0.594716
179.5,181.7857,139.1,183.2,-6.674929,0.0,0.0,-0.0,-0.0,0.0,0.0,0.0,35.00007,0,0.53,0.45791
179.2759,186.5862,139.4828,187.8965,3.675246,-0.0,0.0,-0.0,-0.0,0.0,0.0,0.0,35.000071,0,0.53,0.465658
184.8696,196.5,133.625,198.25,-6.924203,-0.0,0.0,-0.0,-0.0,0.0,0.0,0.0,35.000071,0,0.53,0.356412
181.5758,144.9394,137.0857,145.4571,-12.115005,-0.0,-0.0,-0.0,-0.0,0.0,0.0,0.0,35.000071,0,0.53,0.425013
183.1282,169.1282,135.1463,170.1463,-14.114517,-0.0,0.0,-0.0,-0.0,0.0,0.0,0.0,35.000071,0,0.53,0.387522
181.1818,130.1818,137.5,130.5,-13.52076,0.0,-0.0,-0.0,-0.0,0.0,0.0,0.0,35.000071,0,0.53,0.43855
181.8182,129.8182,136.8286,130,-15.87634,-0.0,0.0,0.0,-0.0,0.0,0.0,0.0,35.000071,0,0.53,0.42655
185.75,164.5625,132.5686,165.5294,-17.3853,0.0,0.0,0.0,-0.0,0.0,0.0,0.0,35.000071,0,0.53,0.347312
176,28,142.9,26.05,-20.794942,0.0,-0.0,-0.0,-0.0,-0.0,0.0,0.0,35.000071,0,0.53,0.649469
177.2727,81.5,141.0909,80.90909,-20.576495,0.0,-0.0,-0.0,-0.0,-0.0,0.0,0.0,35.000071,0,0.53,0.554827
182,122,136.75,122.0556,-15.713448,0.0,0.0,-0.0,-0.0,-0.0,0.0,0.0,35.000071,0,0.53,0.42906
181.5,84.5,137.1714,84,-18.837638,-0.0,0.0,-0.0,-0.0,0.0,0.0,0.0,35.000071,0,0.53,0.462745
179.7241,114.5862,138.7241,114.5862,-23.220746,0.0,0.0,-0.0,-0.0,-0.0,0.0,0.0,35.000071,0,0.53,0.472645
179.7241,80.5862,138.8965,79.68965,-15.597218,-0.0,-0.0,-0.0,-0.0,-0.0,0.0,0.0,35.000071,0,0.53,0.499996
181,96.75758,137.5,96.5,-20.319156,0.0,-0.0,0.0,-0.0,-0.0,0.0,0.0,35.000071,0,0.53,0.460678
187.5,232,130.9692,234.0923,-20.824688,-0.0,0.0,-0.0,-0.0,-0.0,0.0,0.0,35.000072,0,0.53,0.31579
177,106,141.9091,105.9091,-7.280679,0.0,0.0,0.0,-0.0,0.0,0.0,0.0,35.000072,0,0.53,0.549376
178.2174,109.087,140.2917,109,-10.745941,0.0,-0.0,0.0,-0.0,0.0,0.0,0.0,35.000072,0,0.53,0.511002
174.6,75.6,144.2353,74.76471,-13.219361,0.0,0.0,-0.0,-0.0,0.0,0.0,0.0,35.000072,0,0.53,0.646523
180.5,140.5,138,140.7576,-11.042333,0.0,-0.0,-0.0,-0.0,-0.0,0.0,0.0,35.000072,0,0.53,0.445042
182.4242,169.4242,136.1842,170.3158,-12.441426,0.0,-0.0,-0.0,-0.0,-0.0,0.0,0.0,35.000072,0,0.53,0.402746
182.5405,186.9189,135.8718,188.1282,-11.364528,-0.0,-0.0,-0.0,-0.0,-0.0,0.0,0.0,35.000072,0,0.53,0.396261
174.5,119.5,144.2857,119.5,-8.290865,-0.0,0.0,-0.0,-0.0,0.0,0.0,0.0,35.000072,0,0.53,0.61611
173.8667,108.5333,144.7143,108.5,2.372486,0.0,0.0,-0.0,-0.0,-0.0,0.0,0.0,35.000072,0,0.53,0.64388
175,79.64706,143.6471,79,-3.770588,-0.0,-0.0,-0.0,-0.0,0.0,0.0,0.0,35.000072,0,0.53,0.629532
187.2542,224.9492,131.4407,226.9661,-11.141866,-0.0,-0.0,-0.0,-0.0,0.0,0.0,0.0,35.000073,0,0.53,0.320411
183.1282,173.1282,135.1905,174.0714,-6.152704,0.0,0.0,-0.0,-0.0,0.0,0.0,0.0,35.000073,0,0.53,0.386122
