65.5,126,25.5,126,-10.0,0.0,0.0,-0.0,-0.0,0.0,-0.0,0.0,35.0,0.204897,0.53,0.504256
168.6316,104.2105,135.3684,103.7895,-10.0,0.0,-0.0,-0.0,-0.0,0.0,0.0,-0.0,35.0,0.068049,0.53,0.562739
286.2222,75.5,256.5,74.5,-10.0,0.0,-0.103223,-0.0,-0.0,0.0,-5.997606,0.632295,35.0,-0.136,0.53,0.658365
129,124,93.09091,124.0909,-10.0,0.0,-0.056827,-0.0,-0.0,0.0,-8.902338,-1.564504,35.0,0.161125,0.53,0.514051
245.25,92.25,211.75,91.75,-10.0,-0.0,-0.074231,-0.0,-0.0,0.0,-9.386343,-2.971898,35.0,-0.143905,0.53,0.584491
127.6154,94.61539,99.28571,93.5,-10.0,-0.015668,-0.230154,-0.0,-0.0,0.0,-9.115037,-7.647763,35.0,0.19428,0.53,0.655924
229.1282,179.1282,183.5714,178.7714,-10.0,-0.016814,-0.08361,-0.0,-0.0,-0.0,-12.49593,-10.893328,35.0,-0.0101455,0.53,0.405755
214.325,204.975,166,204.6667,-10.0,-0.021997,-0.101043,-0.0,-0.0,-0.0,-15.253417,-12.703926,35.000001,0.0607597,0.53,0.370472
154.9091,136.9091,116.3462,136.6538,-10.0,-0.022231,-0.207885,-0.0,0.0,-0.0,-21.483341,-11.031137,35.000001,0.122871,0.53,0.486967
285.4,102.96,250.2593,102.5926,-10.0,0.026835,0.466567,-0.0,-0.0,-0.0,-11.013811,-4.735164,35.000001,-0.169496,0.53,0.548023
311.22,173.08,266.9348,174.413,-10.0,-0.005507,0.01334,-0.0,-0.0,0.0,-9.793597,-6.494593,35.000001,-0.203421,0.53,0.381601
158.5714,176.2286,111.9189,177.4595,-10.0,-0.007134,0.428194,-0.0,-0.0,-0.0,0.809613,-6.593137,35.000001,0.0385529,0.53,0.403664
242.3214,123.3214,204.5862,123.2759,-10.0,0.00054,0.084163,-0.0,-0.0,-0.0,-2.013698,-3.95308,35.000001,-0.124564,0.53,0.491558
157.0909,137.0909,120,137.2917,-10.0,-0.048389,0.149659,-0.0,-0.0,0.0,-1.895734,-7.918721,35.000001,0.0976754,0.53,0.491944
167.303,168.9091,123.5,169.5,-10.0,-0.022123,0.05079,-0.0,0.0,-0.0,-17.288897,-6.187238,35.000001,0.0845157,0.53,0.415147
123.5714,181.7714,79.05128,182.7179,-10.0,-0.02105,0.270332,-0.0,-0.0,0.0,-10.372969,-3.56917,35.000001,0.0866453,0.53,0.403253
59.38,229.62,7.8,231.6,-10.0,-0.121477,0.29172,-0.0,-0.0,0.0,-2.514514,-7.779247,35.000001,0.204928,0.53,0.331341
172.5,80.28571,143.2857,79.5,-10.0,-0.034886,0.117886,-0.0,-0.0,0.0,-7.520263,-6.793976,35.000001,0.10176,0.53,0.656003
229.5,129.7857,191.5,129.7857,-10.0,0.004017,0.189644,-0.0,-0.0,0.0,-10.51885,-2.684647,35.000001,0.0181656,0.53,0.498731
284.1765,189.451,235.76,190.76,-10.0,0.017684,0.128451,0.0,-0.0,0.0,-21.794878,9.267261,35.000001,-0.00394953,0.53,0.396124
133.75,111.25,96.52174,111.3913,-10.0,0.027978,0.262116,0.0,-0.0,-0.0,-15.886385,10.530827,35.000001,0.209761,0.53,0.508824
141.9268,184.2927,92.16279,185.5581,-10.0,-0.077084,0.178755,0.0,-0.0,0.0,-11.656716,5.252303,35.000002,0.138723,0.53,0.362743
149.2222,104.5,115,104,-10.0,-0.004856,0.109874,0.0,-0.0,0.0,-14.985725,9.668169,35.000002,0.185406,0.53,0.537017
158.5,73.71429,129.7143,72.5,-10.0,-0.068079,0.177502,0.0,-0.0,0.0,-12.212539,4.623111,35.000002,0.166575,0.53,0.657582
252.6,109.44,217.7083,109,-10.0,-0.01822,0.163831,0.0,-0.0,0.0,-10.409328,3.470805,35.000002,-0.0268549,0.53,0.553379
156.8889,108.2778,122,108,-10.0,-0.119807,0.094288,-0.0,-0.0,0.0,-14.611508,-3.264485,35.000002,0.0853427,0.53,0.565156
288.1452,211.9677,235.4,213.75,-10.0,-0.086176,0.293818,0.0,-0.0,0.0,-7.296409,-6.100156,35.000002,-0.146641,0.53,0.331711
113.5882,94.11765,79.88889,93.72222,-10.0,-0.076388,0.412523,-0.0,-0.0,0.0,0.89686,-7.451423,35.000002,0.0421929,0.53,0.617348
213,75.5,183.5,74.5,-10.0,-0.016201,0.134997,-0.0,-0.0,0.0,-3.117669,-7.000489,35.000002,-0.124669,0.53,0.64398
94,126,56,126.1739,-10.0,-0.082301,0.27356,-0.0,-0.0,0.0,0.383127,-6.664949,35.000002,0.156698,0.53,0.519746
103.075,223.95,54.92857,225.0714,-10.0,0.041833,0.075987,0.0,-0.0,0.0,-14.403226,-2.91947,35.000002,0.203667,0.53,0.322885
283.3137,197.4118,233.4,198.6,-10.0,-0.042467,0.400934,-0.0,-0.0,0.0,-9.013916,-2.782629,35.000002,-0.0675515,0.53,0.379216
177.7959,216.3469,124.7736,218,-10.0,-0.024715,0.195911,-0.0,-0.0,0.0,-9.826575,0.439197,35.000002,0.0949756,0.53,0.329918
287.6613,221.7258,235.8689,223.9836,-10.0,-0.106035,0.22705,-0.0,-0.0,0.0,-11.118304,-0.804487,35.000003,-0.0851369,0.53,0.344037
245.3158,163.9737,201.7027,164.8649,-10.0,-0.013742,0.28653,-0.0,-0.0,0.0,-6.698511,0.015142,35.000003,-0.0745424,0.53,0.419666
133.5926,158.2593,93.13333,158.7667,-10.0,-0.112083,0.244421,-0.0,-0.0,-0.0,-4.986558,-5.256818,35.000003,0.115472,0.53,0.448868
237.1579,81.1579,206.8889,80.27778,-10.0,-0.046702,0.223955,-0.0,-0.0,0.0,-8.298947,-8.820471,35.000003,-0.0722317,0.53,0.634485
316.52,87.6,283.6,86.76,-10.0,-0.060339,0.233924,-0.0,-0.0,0.0,-9.089346,-5.952554,35.000003,-0.160167,0.53,0.61035
223.4,76.4,193.625,75.25,-10.0,-0.054694,0.249038,-0.0,-0.0,0.0,-5.725401,1.056685,35.000003,0.0444194,0.53,0.658514
138.5882,96.88235,105.3333,96.33334,-10.0,-0.064038,0.761806,-0.0,-0.0,0.0,-2.429434,1.561053,35.000003,0.156173,0.53,0.577902
194.6538,134.6538,156.5,135,-10.0,-0.040106,0.102201,-0.0,-0.0,0.0,-7.44131,1.906671,35.000003,0.0495426,0.53,0.485967
181.2778,98.11111,148.5,97.77778,-10.0,-0.099741,0.194827,-0.0,-0.0,0.0,-11.160348,-3.207233,35.000003,0.0852996,0.53,0.580462
288.3696,179.8913,241.4,180.3111,-10.0,-0.050672,0.003837,-0.0,-0.0,0.0,-17.092477,-0.783502,35.000003,-0.023368,0.53,0.411995
260.6897,125.4483,221.7857,125.5,-10.0,-0.047582,0.161413,-0.0,-0.0,0.0,-19.105401,-1.658848,35.000003,-0.0648835,0.53,0.510029
162.2778,97.88889,127.8889,97.27778,-10.0,-0.048232,0.459512,-0.0,-0.0,0.0,-8.885694,-0.371466,35.000003,0.0590783,0.53,0.578772
208.7083,137,170.6538,137.6538,-10.0,-0.046834,0.364437,-0.0,-0.0,0.0,-0.835304,3.987716,35.000003,-0.0758659,0.53,0.487673
222.5484,155.4194,181.3438,156,-10.0,-0.047099,0.314366,-0.0,-0.0,0.0,5.846524,6.613741,35.000003,-0.0606267,0.53,0.444428
179.9767,200.5814,130.1087,202.3696,-10.0,-0.04705,0.149323,-0.0,-0.0,0.0,0.594843,3.965864,35.000004,-0.0242914,0.53,0.365395
133.0213,203.8298,81.33334,205.451,-10.0,-0.047058,0.164707,-0.0,-0.0,0.0,2.918329,3.536704,35.000004,0.0849366,0.53,0.354382
155.9032,158.6774,112.9394,159.4242,-10.0,-0.047058,0.213871,-0.0,-0.0,0.0,-1.306145,3.011418,35.000004,0.018397,0.53,0.432909
47,137,4.909091,137.1515,-10.0,-0.053268,0.307786,-0.0,-0.0,0.0,3.776143,1.138247,35.000004,0.176528,0.53,0.494323
82.64103,167.8974,34.6,168.8222,-10.0,-0.092715,0.243353,-0.0,-0.0,0.0,5.373423,-2.636685,35.000004,0.0877132,0.53,0.425488
196.1579,105.1579,163,105,-10.0,-0.069884,0.283247,-0.0,-0.0,0.0,8.629721,-1.024296,35.000004,-0.0958212,0.53,0.560544
242.1579,87.1579,212.5,86.5,-10.0,-0.074134,0.269751,-0.0,-0.0,0.0,6.514627,0.32436,35.000004,-0.175076,0.53,0.61784
109,82.64706,75,82,-10.0,-0.07343,0.220394,-0.0,-0.0,0.0,2.286451,-0.75025,35.000004,0.0443744,0.53,0.64109
117.5714,221.375,61.43103,223.431,-10.0,-0.073566,0.436409,-0.0,-0.0,0.0,9.669182,-2.05741,35.000004,0.00586255,0.53,0.344222
283,112.5,245.2593,111.5926,-10.0,-0.096973,-0.019457,-0.0,-0.0,0.0,-7.158384,-8.983597,35.000004,-0.0904033,0.53,0.538971
311.8438,101.625,276.1,101.0333,-10.0,-0.043359,0.235801,-0.0,-0.0,0.0,-14.055492,-5.406643,35.000004,-0.173983,0.53,0.54283
211.619,192.2619,164,193.5,-10.0,0.123741,0.147991,-0.0,-0.0,0.0,-18.910971,-3.057814,35.000004,0.0538485,0.53,0.37534
272.0909,90.90909,238.5,90,-10.0,-0.081215,0.220753,-0.0,-0.0,0.0,-15.142021,-4.86521,35.000004,-0.113361,0.53,0.596114
122.0909,137.9091,85.09091,137.9091,-10.0,-0.023708,0.30739,-0.0,-0.0,-0.0,-10.597461,-5.552894,35.000004,0.163548,0.53,0.491512
315.9032,98.54839,279.2143,97.5,-10.0,-0.034998,0.248766,-0.0,-0.0,-0.0,-9.560596,-6.292691,35.000005,-0.154231,0.53,0.562897
204.8372,205.5581,157.1861,205.8372,-10.0,-0.033041,0.165122,-0.0,-0.0,0.0,-14.968347,-8.814607,35.000005,0.0606972,0.53,0.366718
186.0857,181.5429,141.1714,182,-10.0,0.079929,0.207453,-0.0,-0.0,-0.0,-22.522478,-4.422761,35.000005,0.100795,0.53,0.39561
210.5,73.5,181.5,72.5,-10.0,-0.06168,0.693277,-0.0,-0.0,-0.0,-0.076785,-7.526794,35.000005,-0.21083,0.53,0.616549
57.25926,149.5926,16.92857,149.9286,-10.0,-0.033478,0.549742,-0.0,-0.0,0.0,8.567985,-9.98499,35.000005,0.201843,0.53,0.506146
205.88,125.28,167.2143,125.5,-10.0,-0.036922,0.42461,-0.0,-0.0,-0.0,-1.671414,-13.216061,35.000005,-0.101729,0.53,0.489914
290.873,212.7619,237.4912,214.4211,-10.0,0.057144,0.529443,-0.0,-0.0,0.0,4.273287,-6.610714,35.000005,-0.197257,0.53,0.30353
95.13513,161.7027,47.90244,162.7317,-10.0,-0.017893,0.628692,-0.0,-0.0,0.0,16.473189,-8.110598,35.000005,-0.0031677,0.53,0.437586
64.28302,214.717,8.048388,216.8226,-10.0,-0.033956,0.500319,-0.0,-0.0,-0.0,16.882253,-6.030209,35.000005,0.0850278,0.53,0.369257
147.1176,95.41177,114,95,-10.0,-0.031069,0.326222,0.0,-0.0,-0.0,9.381843,-8.346356,35.000005,-0.0339216,0.53,0.589519
98.11429,177.1143,50.775,178.15,-10.0,0.020078,0.423628,0.0,-0.0,-0.0,6.706931,-5.401267,35.000005,0.123863,0.53,0.403167
128.2813,168.8125,83.88571,169.8857,-10.0,0.049366,0.330115,0.0,-0.0,-0.0,0.027595,-1.466961,35.000005,0.122266,0.53,0.412868
228.5,125,189.5,125,-10.0,0.010008,0.384777,0.0,-0.0,-0.0,-6.007977,-1.710015,35.000005,0.0346176,0.53,0.507117
178.8095,205.0714,128.8913,206.6304,-10.0,0.132087,0.183979,0.0,-0.0,-0.0,-13.978103,2.916265,35.000006,0.0842431,0.53,0.35456
170.0882,167.7941,124.4286,168.7714,-10.0,-0.040388,0.327984,0.0,-0.0,0.0,-13.019047,-2.478198,35.000006,0.0375808,0.53,0.418995
213.5,78,185.1579,77.1579,-10.0,-0.009517,0.559854,0.0,-0.0,0.0,-3.930962,-5.400005,35.000006,-0.16299,0.53,0.629521
284.1351,150.2973,241.8649,150.7027,-10.0,0.012577,0.617852,-0.0,-0.0,0.0,5.11423,-5.892198,35.000006,-0.176316,0.53,0.425726
262,130.7353,221.6667,130.8,-10.0,0.008264,0.292414,-0.0,-0.0,0.0,-0.734421,-7.195871,35.000006,-0.210683,0.53,0.439713
179,102.2105,144.9,102.05,-10.0,-0.063246,0.531099,0.0,-0.0,0.0,12.136404,-14.394803,35.000006,-0.16477,0.53,0.540143
108.0968,146.6774,64.09091,148.303,-10.0,0.009255,0.528966,-0.0,-0.0,0.0,19.404246,-5.08651,35.000006,-0.0673759,0.53,0.459723
167.5,143.2143,126.2759,143.5862,-10.0,0.04395,0.266375,-0.0,-0.0,0.0,15.618367,-1.26798,35.000006,-0.109149,0.53,0.450228
101.7857,125.5,61.14286,125.6071,-10.0,0.016485,0.498009,-0.0,-0.0,0.0,15.600499,-4.976717,35.000006,0.0133818,0.53,0.514331
223.6774,228.3387,167.6129,230.5,-10.0,0.025979,0.435776,-0.0,-0.0,0.0,12.437259,-6.153443,35.000006,-0.109522,0.53,0.307468
114.5,83.5,82.76471,82.76471,-10.0,0.02405,0.412602,-0.0,-0.0,0.0,8.897138,-9.652188,35.000006,0.0519016,0.53,0.650519
152.2973,174.8649,106.2821,175.9487,-10.0,0.037071,0.398111,-0.0,-0.0,0.0,4.793033,-7.176128,35.000006,-0.0542104,0.53,0.400601
223,214.5,171.6,216,-10.0,0.03444,0.721102,-0.0,-0.0,0.0,13.934979,-3.773783,35.000006,-0.0948256,0.53,0.341761
96.76471,88.76471,63,88,-10.0,0.181667,0.409765,-0.0,-0.0,0.0,8.305152,2.13173,35.000006,0.0948285,0.53,0.622508
138.3,156,94.63333,156.6333,-10.0,0.040503,0.497844,-0.0,-0.0,0.0,6.985806,-1.954291,35.000006,0.0447827,0.53,0.446109
171.95,110.9,137.1429,110.1905,-10.0,0.133758,0.011182,-0.0,-0.0,0.0,-0.645867,-3.427421,35.000007,0.0226215,0.53,0.552339
317.2692,138.3462,274.5854,138.1219,-10.0,0.038775,0.349811,-0.0,-0.0,0.0,-4.929022,-7.89165,35.000007,-0.136758,0.53,0.470998
232.9355,143.4194,193.2903,143.7097,-10.0,0.061996,0.049016,-0.0,-0.0,0.0,-13.211149,-6.986037,35.000007,-0.0703008,0.53,0.455942
127.9574,215.5745,75.16,217.46,-10.0,0.038462,0.560697,-0.0,-0.0,0.0,-5.844931,-8.842426,35.000007,0.0673409,0.53,0.351809
147.913,205.2174,95.97872,207.1702,-10.0,0.044409,0.385347,0.0,-0.0,0.0,0.96659,-8.883853,35.000007,0.0639737,0.53,0.358079
172.5185,143.1111,132.7241,143.5862,-10.0,0.242522,0.387932,0.0,-0.0,0.0,-2.572065,-1.779264,35.000007,-0.0163383,0.53,0.463868
269.5263,186.2368,227.8611,187.6111,-10.0,0.095793,0.519478,0.0,-0.0,0.0,3.595081,-1.856948,35.000007,-0.197266,0.53,0.37774
143.5,235,86.24,236.62,-10.0,0.134171,0.632581,0.0,-0.0,0.0,10.979129,2.711427,35.000007,-0.0441784,0.53,0.320615
63,93.38095,25.875,93.16666,-10.0,0.002117,0.560813,0.0,-0.0,0.0,17.197842,-2.475459,35.000007,0.0360823,0.53,0.614256
156.3929,218.7679,100.807,220.5789,-10.0,0.044308,0.531044,0.0,-0.0,-0.0,17.090625,-9.859238,35.000007,-0.0643692,0.53,0.330375
63,120.16,22,120.0938,-10.0,0.051429,0.509965,0.0,-0.0,-0.0,13.70564,-12.104426,35.000007,0.0271819,0.53,0.541607
153.7143,69.5,123.4,68.4,-10.0,0.050144,0.528206,0.0,-0.0,0.0,16.842067,-10.099623,35.000007,-0.153137,0.53,0.641988
95.21739,137.913,57.5,138,-10.0,0.050407,0.486923,0.0,-0.0,0.0,13.088369,-13.047815,35.000007,0.103249,0.53,0.508139
111.1579,79.8421,78.88889,79.27778,-10.0,0.066138,0.676116,0.0,-0.0,0.0,9.767576,-9.719591,35.000008,-0.0233536,0.53,0.649075
145.619,113.2381,109.9091,113.0909,-10.0,0.181856,0.449658,0.0,-0.0,-0.0,15.273284,-2.443492,35.000008,-0.0281493,0.53,0.536136
106.2045,199.1136,54.15385,200.4808,-10.0,0.092813,0.15834,-0.0,-0.0,0.0,7.591103,-5.099471,35.000008,0.0170554,0.53,0.378308
261.129,217.871,206.5,219.5,-10.0,0.031416,0.399133,0.0,-0.0,-0.0,11.033364,-9.4386,35.000008,-0.157006,0.53,0.306067
167.3684,169.9211,120.8462,170.7692,-10.0,0.088723,0.329132,-0.0,-0.0,-0.0,7.969636,-11.646226,35.000008,-0.0837286,0.53,0.395661
212.2174,118.913,174.7826,118.913,-10.0,0.240083,0.321622,-0.0,-0.0,-0.0,5.884551,-5.83254,35.000008,-0.0620152,0.53,0.518016
188.5,162.5,143.8286,163,-10.0,0.146889,0.188691,0.0,-0.0,-0.0,-1.400503,-3.418393,35.000008,-0.0375545,0.53,0.422307
71.4,141.96,32.40741,142.0741,-10.0,0.129173,0.297444,-0.0,-0.0,-0.0,1.552508,-6.206539,35.000008,0.21404,0.53,0.490007
145,211.6667,97.16279,212.5581,-10.0,0.139678,0.109838,-0.0,-0.0,-0.0,-11.095935,-5.772082,35.000008,0.127867,0.53,0.352146
227.7576,166.4242,184.7647,166.2647,-10.0,0.140138,0.15308,-0.0,-0.0,-0.0,-14.884553,-8.643284,35.000008,0.0587426,0.53,0.425859
159.3684,128.7895,124.25,128.25,-10.0,0.209993,0.152186,-0.0,-0.0,-0.0,-19.321581,1.209963,35.000008,0.173379,0.53,0.502312
195.7895,111.6316,162,111,-10.0,0.138263,0.143017,-0.0,-0.0,-0.0,-17.77328,-3.970632,35.000008,0.151711,0.53,0.533449
156.4667,92.13333,124.5,91.5,-10.0,0.313075,0.144725,-0.0,-0.0,-0.0,-20.590556,1.751508,35.000008,0.163437,0.53,0.615931
256.5,120,219.5,120,-10.0,0.062259,0.342697,-0.0,-0.0,0.0,-12.976626,-3.17932,35.000008,-0.0200447,0.53,0.524707
235.32,120.76,199.6538,120.6538,-10.0,0.204221,0.18987,-0.0,-0.0,-0.0,-15.548241,-2.610391,35.000008,-0.0246377,0.53,0.520688
160.8333,170.1944,113.6667,171.2222,-10.0,0.177159,0.435443,-0.0,-0.0,-0.0,-8.579503,1.327098,35.000008,0.0430327,0.53,0.4078
280.9286,188.0476,236.975,189.325,-10.0,0.201865,0.786651,-0.0,-0.0,-0.0,2.27916,6.829107,35.000009,-0.174781,0.53,0.382795
215.9091,121.0909,180.0909,121.0909,-10.0,0.179606,0.459781,-0.0,-0.0,-0.0,7.87101,2.035646,35.000009,-0.101066,0.53,0.518363
98.25926,128.4074,58,128.5,-10.0,0.172328,0.421466,-0.0,-0.0,-0.0,4.380171,1.569523,35.000009,0.113072,0.53,0.49888
147.5,92.5,115.1579,91.8421,-10.0,0.228789,0.460461,-0.0,-0.0,-0.0,-0.538219,7.186928,35.000009,0.0724811,0.53,0.600421
192.4118,170.6765,146.8158,171.6842,-10.0,0.178637,0.368272,-0.0,-0.0,-0.0,-4.621651,0.532934,35.000009,0.00752019,0.53,0.410859
89.5,84.5,55.05,83.9,-10.0,0.204813,0.482438,-0.0,-0.0,0.0,-0.72749,5.086363,35.000009,0.146983,0.53,0.63476
164.0909,120.9091,128,120.8261,-10.0,0.003108,0.449906,-0.0,-0.0,0.0,4.330448,-0.831749,35.000009,0.0230699,0.53,0.520449
313.7333,206.4,262.2667,207.9,-10.0,0.114384,0.434099,-0.0,-0.0,-0.0,1.561332,-3.162636,35.000009,-0.134359,0.53,0.358098
304.8824,127.7647,265.7059,127.5,-10.0,0.137303,0.280478,-0.0,-0.0,-0.0,-16.091287,-2.132345,35.000009,-0.0679929,0.53,0.513327
293.6667,93.125,260.5217,91.6087,-10.0,0.14931,0.292144,-0.0,-0.0,-0.0,-17.583725,-1.010218,35.000009,-0.0541649,0.53,0.608577
94.6,219.6,41.27778,221.3704,-10.0,0.091682,0.488495,-0.0,-0.0,-0.0,-13.600108,-8.240334,35.000009,0.161404,0.53,0.332513
244.2,145.1,202.5,145.5,-10.0,0.200585,0.551118,-0.0,-0.0,0.0,-6.587443,-1.534476,35.00001,-0.127597,0.53,0.452645
188.7317,191.439,141,192.6667,-10.0,0.127354,0.486074,-0.0,-0.0,0.0,4.02615,-4.450443,35.00001,-0.00134489,0.53,0.377608
136,113,99.6,112.96,-10.0,0.127359,0.333313,-0.0,-0.0,0.0,-2.442346,-4.152887,35.00001,-0.000648495,0.53,0.541958
235.1163,175.8837,188.325,176.975,-10.0,0.103977,0.321693,-0.0,-0.0,0.0,5.295522,-8.209144,35.00001,-0.138667,0.53,0.37758
250.28,197.6,199.3725,199.098,-10.0,0.10229,0.465733,-0.0,-0.0,0.0,6.968679,-8.097624,35.00001,-0.0928327,0.53,0.357632
91.13158,236.7368,37.92308,237.7308,-10.0,0.102577,0.073785,-0.0,-0.0,0.0,-2.758011,-9.150071,35.00001,0.177008,0.53,0.315852
315.8485,227.4545,259.3684,229.3553,-10.0,0.125803,0.320848,-0.0,-0.0,0.0,-10.478569,-6.687218,35.00001,-0.111187,0.53,0.328716
217.0909,122.9091,181.9091,121.9091,-10.0,0.103678,0.296317,-0.0,-0.0,-0.0,-19.745757,-9.679628,35.00001,0.0964602,0.53,0.52597
170.8889,91.72222,139.5,91,-10.0,0.187622,0.276181,-0.0,-0.0,0.0,-21.918777,-4.503393,35.00001,0.144617,0.53,0.598847
293.8,128.9,255.4138,128.7241,-10.0,0.157971,0.770275,-0.0,-0.0,0.0,-12.368707,1.326993,35.00001,-0.0600312,0.53,0.514269
259.3684,94.47369,226.619,93.7619,-10.0,0.161908,0.360467,-0.0,-0.0,0.0,-14.297786,4.484793,35.000011,0.0349419,0.53,0.596783
226.2222,84.5,194.2778,83.88889,-10.0,0.161304,0.384912,-0.0,-0.0,0.0,-18.55171,4.978768,35.000011,-0.0111398,0.53,0.634222
235.2593,125.4074,200,125.5,-10.0,0.179204,0.193394,-0.0,-0.0,0.0,-14.267441,7.653453,35.000011,-0.0420727,0.53,0.510586
214.1111,85.27778,183.2857,84.5,-10.0,0.050807,0.737627,-0.0,-0.0,0.0,-5.416253,2.737516,35.000011,-0.0966275,0.53,0.635556
236.8837,196.1163,189,197.5,-10.0,0.155008,0.701773,-0.0,-0.0,0.0,2.918627,2.63124,35.000011,-0.0717656,0.53,0.372176
201.8333,170.5,157.1667,171.5,-10.0,0.137095,0.566374,-0.0,-0.0,0.0,0.87413,1.825412,35.000011,-0.0379098,0.53,0.410968
92.5,128.6667,50.80645,128.7097,-10.0,0.140207,0.589568,-0.0,-0.0,0.0,1.829023,0.200224,35.000011,0.0969564,0.53,0.497525
121.1,102.05,84.90909,101.9091,-10.0,0.139609,0.781463,-0.0,-0.0,0.0,8.701193,2.891511,35.000011,0.0905088,0.53,0.566127
67.91525,211.661,9.716418,213.7463,-10.0,0.139704,0.554919,-0.0,-0.0,0.0,3.987692,2.684066,35.000011,0.104965,0.53,0.355726
244.6296,235.5185,195.2286,237.2,-10.0,0.139686,0.742163,-0.0,-0.0,0.0,9.875029,3.314214,35.000011,-0.150061,0.53,0.307853
189,138.2917,152.9091,139.0909,-10.0,0.15336,0.744329,-0.0,-0.0,0.0,10.309967,4.771534,35.000011,-0.134654,0.53,0.478595
162,97.5,127.8421,97.1579,-10.0,0.157847,0.780282,-0.0,-0.0,0.0,16.729266,4.048031,35.000011,-0.0374867,0.53,0.586038
116.7083,130,77.07692,130.0769,-10.0,0.156959,0.30222,-0.0,-0.0,0.0,7.241554,0.337433,35.000011,0.137188,0.53,0.486459
198.925,184.8,151.7561,186,-10.0,0.175306,0.535865,-0.0,-0.0,0.0,-1.867405,2.309847,35.000011,-0.0258451,0.53,0.388771
129.75,104.75,95,104.5,-10.0,0.171827,0.755532,-0.0,-0.0,0.0,2.7484,3.117392,35.000011,0.135112,0.53,0.549478
113.2903,155.2903,68,156,-10.0,0.172495,0.586497,-0.0,-0.0,0.0,-2.560588,3.78228,35.000011,0.123287,0.53,0.427095
151.3333,173.7778,104.05,174.925,-10.0,0.172384,0.696775,-0.0,-0.0,0.0,0.811881,5.603472,35.000012,0.0613984,0.53,0.398715
112.1714,150,66.13513,150.7027,-10.0,0.172404,0.665511,-0.0,-0.0,0.0,1.74231,8.058124,35.000012,0.130375,0.53,0.425693
193.3214,136.3214,152.2143,136.5,-10.0,0.18397,0.671872,-0.0,-0.0,0.0,2.448936,11.394713,35.000012,0.0630635,0.53,0.470312
193.5,83,164.5,82,-10.0,0.181634,0.280498,-0.0,-0.0,0.0,-7.750399,7.676522,35.000012,0.00980801,0.53,0.640313
81.925,170.2,31.68085,171.2553,-10.0,0.182068,1.067034,-0.0,-0.0,0.0,0.453897,9.265847,35.000012,0.163695,0.53,0.390418
218,122,184.75,122.25,-10.0,0.181994,0.722545,-0.0,-0.0,0.0,1.29591,7.84371,35.000012,-0.101303,0.53,0.538294
213.5333,89.86667,184.25,89.375,-10.0,0.121674,0.901947,-0.0,-0.0,0.0,13.670365,6.570278,35.000012,-0.195885,0.53,0.609367
176.1111,97.27778,143,97,-10.0,0.074241,0.845571,-0.0,-0.0,0.0,11.647353,0.353498,35.000012,-0.120685,0.53,0.571946
220.9032,157.6774,179.3333,158.5,-10.0,0.073588,0.856836,0.0,-0.0,0.0,11.720846,-4.35226,35.000012,-0.132927,0.53,0.425687
254.5294,205.2353,204.451,206.6667,-10.0,0.138339,0.854471,0.0,-0.0,0.0,9.865189,-0.619947,35.000012,-0.123272,0.53,0.343745
175.8889,93.27778,145.1176,92.58823,-10.0,0.084656,0.708452,0.0,-0.0,0.0,3.858331,-5.511832,35.000012,0.0140192,0.53,0.603806
257.3462,205.3462,206.6275,206.902,-10.0,0.106067,0.592811,0.0,-0.0,0.0,-3.924754,-5.313077,35.000012,-0.0379532,0.53,0.36348
197.7826,131.913,159.6154,131.8462,-10.0,0.267102,0.749205,0.0,-0.0,0.0,-8.338543,0.727197,35.000012,0.0489768,0.53,0.492532
265.9,91.3,234.619,90.7619,-10.0,0.145841,0.712206,0.0,-0.0,0.0,-10.877504,-2.555599,35.000012,-0.0351813,0.53,0.611725
239.1579,95.1579,206.75,94.75,-10.0,0.274262,0.719751,0.0,-0.0,0.0,-13.288318,3.408718,35.000012,0.0174438,0.53,0.59317
212.697,156.0909,169.5,156.5,-10.0,0.187373,0.718434,0.0,-0.0,0.0,-11.529587,6.810713,35.000012,0.065188,0.53,0.428902
319,213.5,274.3462,216.3462,-10.0,0.204727,0.718665,0.0,-0.0,0.0,-11.588237,8.872376,35.000012,-0.15867,0.53,0.362688
74.77778,96.5,38.78261,95.91304,-10.0,0.138904,1.011012,0.0,-0.0,0.0,-1.582223,5.593291,35.000012,0.167089,0.53,0.588755
297.5,144.5,257.9394,145.1212,-10.0,0.068442,0.873473,0.0,-0.0,0.0,5.542668,0.495547,35.000013,-0.215603,0.53,0.447131
143.7143,80.5,112.2778,79.88889,-10.0,0.1521,0.81983,0.0,-0.0,0.0,2.604037,-2.368416,35.000013,0.00554623,0.53,0.64708
191.3333,158.5,149.7097,159.2903,-10.0,0.202607,1.023373,-0.0,-0.0,0.0,8.825704,3.411076,35.000013,-0.0049283,0.53,0.434932
211.8718,177.8718,166,179,-10.0,0.226118,0.719043,0.0,-0.0,0.0,1.538197,7.108193,35.000013,-0.0130867,0.53,0.400724
182.1739,124,144.9091,124.0909,-10.0,0.181677,0.828349,-0.0,-0.0,0.0,-2.104881,4.11381,35.000013,0.0409533,0.53,0.506439
65.14286,99.80952,27.17391,99.73913,-10.0,0.189853,0.823789,-0.0,-0.0,0.0,-4.020828,2.576659,35.000013,0.197633,0.53,0.578857
207.4,128.44,168.5926,128.7407,-10.0,0.156978,1.086956,-0.0,-0.0,0.0,4.054033,0.493956,35.000013,-0.0566316,0.53,0.494587
281.5122,168.5854,235.1282,169.1282,-10.0,0.15181,0.899502,-0.0,-0.0,0.0,1.43996,-5.920414,35.000013,-0.112149,0.53,0.412421
317.4828,182.1035,271.9388,183.6531,-10.0,0.170077,0.753134,-0.0,-0.0,0.0,-5.63698,-3.839912,35.000013,-0.164168,0.53,0.388571
131.7778,107.5,96.21053,107.3684,-10.0,0.166488,0.857018,-0.0,-0.0,0.0,-3.841229,-3.072298,35.000013,0.192196,0.53,0.543594
286.946,163.5676,243.1351,164.2973,-10.0,0.266275,0.747249,-0.0,-0.0,0.0,-10.13569,1.560307,35.000013,-0.132904,0.53,0.429999
159.619,121.2381,122.9091,121.0909,-10.0,0.184655,1.045352,-0.0,-0.0,0.0,-2.064169,1.38081,35.000013,0.0562311,0.53,0.518969
221,94,188.8824,93.58823,-10.0,0.12506,0.959816,-0.0,-0.0,0.0,3.046528,-6.187021,35.000013,-0.192208,0.53,0.575175
201.0233,185.4186,152,186.5,-10.0,0.132113,0.84063,-0.0,-0.0,0.0,4.45207,-8.024693,35.000013,-0.103219,0.53,0.365739
183.5,163.5,137.7941,164.0882,-10.0,0.088109,1.010668,-0.0,-0.0,0.0,9.362103,-11.023266,35.000013,-0.0210082,0.53,0.42282
258,121.5,219.6786,121.3214,-10.0,0.362265,0.747838,-0.0,-0.0,0.0,1.230886,-4.706569,35.000013,-0.110774,0.53,0.499126
180.5,98.5,148,98,-10.0,0.141396,0.596521,-0.0,-0.0,0.0,-7.400113,-9.455446,35.000014,0.00322214,0.53,0.588233
99.36667,191.3667,56.46875,192.1875,-10.0,0.182023,0.81931,-0.0,-0.0,0.0,-5.246108,-9.39177,35.000014,0.199841,0.53,0.39217
176.25,124.75,140.9091,124.0909,-10.0,0.174277,0.583695,-0.0,-0.0,0.0,-12.464916,-10.148945,35.000014,0.0738588,0.53,0.522646
50.29412,238.1765,1,239,-10.0,0.175469,0.733198,-0.0,-0.0,0.0,-11.579733,-8.386307,35.000014,0.217479,0.53,0.328638
275.3261,168.587,226.5,169,-10.0,0.158492,0.772817,-0.0,-0.0,0.0,-6.982224,-10.537108,35.000014,-0.157412,0.53,0.384211
63.22222,112.5,29.10526,112.4211,-10.0,0.162566,0.991256,-0.0,-0.0,0.0,0.363067,-11.517625,35.000014,0.208714,0.53,0.594399
298.5,131.5,259.5,131.5,-10.0,0.139166,0.768509,-0.0,-0.0,0.0,-8.159079,-12.442453,35.000014,-0.115392,0.53,0.487124
259.9091,81.09091,227,80,-10.0,0.348782,0.7682,-0.0,-0.0,0.0,-11.806968,-5.639664,35.000014,-0.151944,0.53,0.605706
275.1,64.7,245.9091,63.09091,-10.0,0.184657,0.93977,-0.0,-0.0,0.0,0.757503,-12.691354,35.000014,-0.215434,0.53,0.634254
92.5,105.2857,62,104.5,-10.0,0.179268,0.644666,-0.0,-0.0,0.0,-6.35808,-13.230069,35.000014,0.16326,0.53,0.632614
259.8033,211.0984,205.5088,212.5789,-10.0,0.179875,0.826579,-0.0,-0.0,0.0,-3.044951,-14.4119,35.000014,-0.131641,0.53,0.323845
89.37736,233.8491,34.69643,235.75,-10.0,0.179783,0.935397,-0.0,-0.0,0.0,3.376062,-12.531611,35.000014,0.102448,0.53,0.341276
173.4,81.6,142.4,80.6,-10.0,0.179801,0.828365,-0.0,-0.0,0.0,0.882891,-11.633787,35.000014,-0.0742193,0.53,0.626025
147.7407,148.4074,108.1111,148.4815,-10.0,0.179798,0.799784,0.0,-0.0,0.0,-7.85449,-11.690265,35.000014,0.0792409,0.53,0.468548
275.6923,98.5,240.9091,98.09091,-10.0,0.179798,0.754638,0.0,-0.0,0.0,-6.495306,-9.495781,35.000015,-0.215942,0.53,0.534195
152.7083,122,117.1739,122,-10.0,0.179798,1.085983,0.0,-0.0,0.0,8.885295,-7.694408,35.000015,0.0372632,0.53,0.519318
268.5,102,235,101.8261,-10.0,0.256696,0.497629,0.0,-0.0,0.0,-1.214554,-4.374794,35.000015,-0.178269,0.53,0.552602
125.5,97,93.5,96.5,-10.0,0.195335,0.853028,0.0,-0.0,0.0,-1.055314,-3.877737,35.000015,0.119981,0.53,0.608624
140.3548,176.2581,96.5,177,-10.0,0.207668,0.782381,-0.0,-0.0,0.0,-3.395307,-5.972932,35.000015,0.141269,0.53,0.400022
190.7826,120.087,154.8261,120,-10.0,0.238188,0.560112,0.0,-0.0,0.0,-12.00622,-3.596741,35.000015,0.0591357,0.53,0.521228
185.9048,114.5714,150.2381,114.381,-10.0,0.224079,0.742874,-0.0,-0.0,0.0,-10.092339,-1.904868,35.000015,0.0340924,0.53,0.533924
93.5862,154.2759,52.3125,154.75,-10.0,0.226757,0.789802,0.0,-0.0,0.0,-4.916032,-0.01902,35.000015,0.205709,0.53,0.433536
268.5,119,232.5,119,-10.0,0.22621,0.730872,-0.0,-0.0,0.0,-7.582624,-0.30807,35.000015,-0.0805414,0.53,0.529995
192.6808,236.3617,137.6563,237.375,-10.0,0.207343,0.736437,-0.0,-0.0,0.0,-10.487964,-1.489645,35.000015,0.0522198,0.53,0.317525
161.5,113.5,128.8889,112.7222,-10.0,0.200296,0.696326,0.0,-0.0,0.0,-11.457191,-3.823229,35.000015,0.158653,0.53,0.560453
151.04,146.4,114,146.5,-10.0,0.201733,0.628889,0.0,-0.0,0.0,-16.3499,-6.930935,35.000015,0.085427,0.53,0.475613
114.1905,203.0714,65.28889,204.0889,-10.0,0.139847,0.858814,0.0,-0.0,0.0,-8.357123,-10.661454,35.000015,0.144495,0.53,0.359111
88.24242,162.5455,42.62857,163.5714,-10.0,0.353422,0.717259,0.0,-0.0,0.0,-7.704195,-3.15646,35.000015,0.141276,0.53,0.437422
272.5,105,238.375,104.6667,-10.0,0.219832,0.94198,0.0,-0.0,0.0,0.372844,-4.004795,35.000015,-0.213586,0.53,0.533272
288,84.5,255.5,83.72727,-10.0,0.246429,0.792774,0.0,-0.0,0.0,1.954077,-4.944877,35.000015,-0.19638,0.53,0.590554
222,112,187.5,112,-10.0,0.241654,0.736344,0.0,-0.0,0.0,-6.10039,-7.640192,35.000016,-0.109508,0.53,0.538983
126.5,130.5,87.5,130.7857,-10.0,0.331058,1.160878,-0.0,-0.0,0.0,3.596256,0.055773,35.000016,0.074987,0.53,0.502629
83.68571,172.3143,39.78947,172.8158,-10.0,0.223197,0.825045,-0.0,-0.0,0.0,0.900861,-4.856558,35.000016,0.192735,0.53,0.404579
238.7895,107.6316,204.9,107.3,-10.0,0.328174,0.803197,0.0,-0.0,0.0,-5.621297,-0.716581,35.000016,-0.146144,0.53,0.559765
284,223,232.6111,224.6111,-10.0,0.267587,1.267007,-0.0,-0.0,0.0,4.629744,2.348125,35.000016,-0.174259,0.53,0.318443
132.5,128,93.5,128.2143,-10.0,0.228063,0.925195,-0.0,-0.0,0.0,8.741779,-1.18066,35.000016,0.0340868,0.53,0.502289
76.39286,217,21.57143,218.5079,-10.0,0.259775,0.996472,-0.0,-0.0,0.0,6.202001,-1.163563,35.000016,0.0554217,0.53,0.362188
230.4222,195.0222,183,196.5,-10.0,0.325239,1.055664,-0.0,-0.0,0.0,16.223704,-0.176704,35.000016,-0.126889,0.53,0.356075
112.5,89.5,79,89,-10.0,0.304709,0.988417,-0.0,-0.0,0.0,8.780442,0.322619,35.000016,0.0406539,0.53,0.621158
148.8889,101.7222,116.8421,101.1579,-10.0,0.251695,0.94783,-0.0,-0.0,0.0,5.42699,-7.54207,35.000016,0.0472748,0.53,0.584379
82.5,93.71429,51.5,93.28571,-10.0,0.2392,0.746939,-0.0,-0.0,0.0,-2.054813,-7.12701,35.000016,0.199725,0.53,0.651808
115.7115,227.4808,61.67273,229.5818,-10.0,0.241276,0.900399,-0.0,-0.0,0.0,-1.666731,-8.53222,35.000016,0.072885,0.53,0.341157
212.9091,114.0909,177.9091,114.0909,-10.0,0.24089,0.872116,-0.0,-0.0,0.0,0.674034,-9.772436,35.000016,-0.136965,0.53,0.514899
266,92,234.2381,91.38095,-10.0,0.258428,0.797366,-0.0,-0.0,0.0,1.188203,-5.887654,35.000016,-0.142997,0.53,0.580213
219.5,124.6667,177.7241,124.4138,-10.0,0.243918,0.796064,-0.0,-0.0,0.0,-4.400917,-11.554512,35.000017,-0.147908,0.53,0.464069
229.5893,213.25,175.6071,214.7679,-10.0,0.163008,1.163439,-0.0,-0.0,0.0,4.769022,-15.046821,35.000017,-0.11252,0.53,0.323678
64.5,123,25.2069,123,-10.0,0.219941,0.935814,-0.0,-0.0,0.0,6.566934,-12.28981,35.000017,0.125468,0.53,0.537167
121.4348,127.8261,81.5,128,-10.0,0.358362,0.980567,-0.0,-0.0,0.0,8.245547,-4.930758,35.000017,0.120922,0.53,0.505752
157.075,184.2,109.0233,185.5814,-10.0,0.29874,0.570626,-0.0,-0.0,0.0,-2.574034,-2.396384,35.000017,0.0590699,0.53,0.385262
273.6667,107.125,239.2174,106.913,-10.0,0.337775,0.898713,-0.0,-0.0,0.0,-1.436429,2.481244,35.000017,-0.16132,0.53,0.543503
112.875,83.6875,81.23529,83.23529,-10.0,0.225514,0.836243,-0.0,-0.0,0.0,-3.157235,-3.247036,35.000017,0.0804001,0.53,0.648101
148.6,84.6,116.5,84,-10.0,0.397492,0.642129,-0.0,-0.0,0.0,-5.141389,0.168847,35.000017,0.077199,0.53,0.625899
284.9492,231.2203,235.3704,233.4815,-10.0,0.309275,0.878992,0.0,-0.0,0.0,0.296645,2.492613,35.000017,-0.149016,0.53,0.325832
191.7759,230.3965,134.4138,232.8965,-10.0,0.326599,0.932179,-0.0,-0.0,0.0,5.826582,4.401219,35.000017,0.0351778,0.53,0.321863
157.4,83.6,126.6471,83,-10.0,0.455347,0.571295,0.0,-0.0,0.0,-3.798202,9.018891,35.000017,0.0642518,0.53,0.624686
98.02778,151.0833,51.58974,151.8205,-10.0,0.349987,0.972609,0.0,-0.0,0.0,1.886518,7.165647,35.000017,0.161359,0.53,0.416716
288.1176,108.4118,259.1176,108.4118,-10.0,0.406403,0.846227,0.0,-0.0,0.0,0.74635,11.13395,35.000017,-0.198051,0.53,0.617137
267.3333,108.875,233.7083,109,-10.0,0.384676,0.867932,0.0,-0.0,0.0,0.914558,12.172516,35.000017,-0.115014,0.53,0.563172
271.6923,126.5,236.7083,127,-10.0,0.341372,0.838902,0.0,-0.0,0.0,-4.014507,2.123726,35.000017,-0.134807,0.53,0.525449
262,168,219.3684,169.0789,-10.0,0.116678,0.883522,-0.0,-0.0,0.0,-1.032633,1.761703,35.000018,-0.0681297,0.53,0.425852
155.6429,87.21429,125.5,86.28571,-10.0,0.245047,0.640091,-0.0,-0.0,0.0,-2.636447,-3.548126,35.000018,0.0997121,0.53,0.6456
284.303,143.1515,243.1563,143.625,-10.0,0.221176,0.700391,-0.0,-0.0,0.0,-8.412727,-7.150907,35.000018,-0.183904,0.53,0.452548
253.8889,81.72222,224.05,81.1,-10.0,0.236118,1.385017,-0.0,-0.0,0.0,2.1615,-2.339516,35.000018,-0.204424,0.53,0.614885
162.5686,219.4706,109.1321,221.3585,-10.0,0.233234,0.820962,-0.0,-0.0,0.0,1.912002,-4.187866,35.000018,0.0342227,0.53,0.340352
144.9474,184.0789,96.69048,185.3095,-10.0,0.233788,0.928353,-0.0,-0.0,0.0,-0.839523,-3.002587,35.000018,0.0682526,0.53,0.387454
76.70271,193.4054,28.07143,194.9286,-10.0,0.279686,0.909698,-0.0,-0.0,0.0,-0.826731,0.694037,35.000018,0.191327,0.53,0.376072
298.5,170,251.9286,171.0476,-10.0,0.181086,0.887974,-0.0,-0.0,0.0,-6.475435,-7.775731,35.000018,-0.175186,0.53,0.394661
107.5,175.5,61.58974,176.6923,-10.0,0.21211,0.948501,-0.0,-0.0,0.0,5.05783,-6.430822,35.000018,0.0725203,0.53,0.419377
220.766,236.7234,164.2857,237.6786,-10.0,0.213468,0.947244,0.0,-0.0,0.0,3.067644,-9.239027,35.000018,-0.0441018,0.53,0.314256
209.2391,201.4348,159.087,202.7826,-10.0,0.242923,0.93209,0.0,-0.0,0.0,-0.594067,-6.343809,35.000018,0.00485411,0.53,0.363629
75.13513,164.7027,26.55814,165.7209,-10.0,0.39235,0.897656,0.0,-0.0,0.0,-5.678263,-0.289775,35.000018,0.154366,0.53,0.419955
228.625,82.75,199.2778,82.11111,-10.0,0.00733,0.020574,-0.0,-0.0,0.0,0.3643,0.354248,35.000001,-0.123138,0.53,0.638157
219.6,85.6,190.7647,85.23529,-10.0,0.005761,0.016171,-0.0,-0.0,0.0,0.286337,0.278436,35.000001,-0.18234,0.53,0.627667
156.7241,151.5862,113,152.3438,-10.0,0.006043,0.292573,-0.0,-0.0,0.0,8.466893,0.546479,35.000001,0.0233417,0.53,0.445886
120.5926,128.2593,79.4138,128.7241,-10.0,0.085876,0.018734,-0.0,-0.0,0.0,3.99998,4.417839,35.000001,0.0558486,0.53,0.494506
174.2432,180.7568,127.8718,182.1282,-10.0,0.019455,0.220211,-0.0,-0.0,0.0,9.823772,7.916909,35.000001,-0.0378367,0.53,0.395845
229.8718,181.8718,184.5405,182.9189,-10.0,0.012627,0.127311,-0.0,-0.0,0.0,8.138145,5.07643,35.000001,-0.140579,0.53,0.382062
222.5,167.5,178.4242,168.4242,-10.0,-0.081272,0.123399,-0.0,-0.0,0.0,10.624156,-0.453626,35.000001,-0.0895763,0.53,0.415655
176.7143,81.5,147.7222,81.11111,-10.0,-0.006022,-0.004064,-0.0,-0.0,0.0,4.058807,1.034774,35.000001,-0.137466,0.53,0.625425
221.0217,214.6522,171.4694,216.6327,-10.0,-0.192902,0.251635,-0.0,-0.0,0.0,11.314218,-4.311146,35.000001,-0.138329,0.53,0.328487
212.7895,174.8947,170.4286,176.2286,-10.0,-0.055052,0.160403,-0.0,-0.0,0.0,15.242647,-0.588828,35.000001,-0.0717272,0.53,0.406302
107.5714,225.375,49.89394,227.6818,-10.0,0.031241,-0.22685,-0.0,-0.0,0.0,4.509607,3.919268,35.000001,0.0658797,0.53,0.335415
205.4286,121.9048,171.9091,122.0909,-10.0,-0.060251,0.087767,-0.0,-0.0,0.0,6.576963,1.669046,35.000001,-0.158809,0.53,0.509228
94.75,159.0556,50.13889,159.6111,-10.0,-0.04337,0.170896,-0.0,-0.0,0.0,12.79268,0.313445,35.000001,0.108803,0.53,0.431172
301,132.2222,265.4074,132.5556,-10.0,-0.01308,-0.268702,-0.0,-0.0,0.0,3.591341,2.324426,35.000001,-0.159099,0.53,0.519681
111.0909,97.90909,76,97.82609,-10.0,0.089596,-0.065554,-0.0,-0.0,0.0,-4.634238,6.778691,35.000001,0.12526,0.53,0.557598
293.6154,223.5385,246.84,226.46,-10.0,-0.005026,0.480869,-0.0,-0.0,0.0,5.818984,10.206057,35.000001,-0.121351,0.53,0.358716
245.8571,110.1905,212.9091,110.0909,-10.0,0.038778,-0.011549,-0.0,-0.0,0.0,-0.448959,12.725077,35.000002,-0.0460112,0.53,0.561448
181.6,87.6,150.5,87,-10.0,-0.000678,-0.012062,-0.0,-0.0,0.0,-6.356547,8.136139,35.000002,0.00636125,0.53,0.622043
218,109,181.9091,108.9091,-10.0,0.0106,0.34812,-0.0,-0.0,0.0,2.106014,8.125708,35.000002,0.0136374,0.53,0.551857
149.6,95.6,118.6471,95,-10.0,-0.006823,-0.071785,-0.0,-0.0,0.0,-18.095855,1.891777,35.000002,0.208986,0.53,0.59981
208,118,172.3182,117.8636,-10.0,-0.067407,0.032833,-0.0,-0.0,0.0,-16.115275,-2.257954,35.000002,0.0431761,0.53,0.528072
131.8889,91.72222,98,91,-10.0,-0.025001,0.023332,0.0,-0.0,0.0,-12.654962,-2.154164,35.000002,0.145858,0.53,0.595726
208,117,173.0909,116.9091,-10.0,-0.033226,0.381917,-0.0,-0.0,0.0,-3.850493,2.160405,35.000002,-0.103057,0.53,0.529201
46.89362,209.6596,0.3333333,210.3333,-10.0,-0.051595,-0.086663,-0.0,-0.0,0.0,4.711795,-2.440046,35.000002,0.215035,0.53,0.348916
194,138.5,155.4815,138.8889,-10.0,-0.054962,-0.220436,-0.0,-0.0,0.0,-5.463855,-2.076293,35.000002,0.0401508,0.53,0.476114
129.7895,113.6316,94,113.1739,-10.0,-0.054441,-0.045436,-0.0,-0.0,0.0,-9.896452,-2.470446,35.000002,0.194681,0.53,0.520307
241.4138,136.2759,202.2143,136.5,-10.0,-0.083937,-0.04535,-0.0,-0.0,0.0,-12.119938,-1.89332,35.000002,0.00273494,0.53,0.484164
271.8837,174.1163,226.5,175,-10.0,-0.057112,-0.055422,-0.0,-0.0,0.0,-14.236908,-0.151421,35.000002,-0.0471937,0.53,0.416493
63.41379,133.2759,24.5,133.3333,-10.0,-0.059056,-0.035935,-0.0,-0.0,0.0,-11.069183,2.762281,35.000003,0.210045,0.53,0.485246
241.2174,115.913,205.5,115.5,-10.0,-0.081841,-0.129129,-0.0,-0.0,0.0,-14.273768,0.201425,35.000003,-0.00166558,0.53,0.535863
162.5882,94.88235,130.4118,94.11765,-10.0,-0.020592,0.017303,-0.0,-0.0,0.0,-10.992166,5.443507,35.000003,0.141925,0.53,0.582555
135.5,124.5,97,124.5,-10.0,-0.065374,-0.031998,-0.0,-0.0,0.0,-10.832805,2.591166,35.000003,0.202423,0.53,0.46886
270.5,84.5,239.8889,83.72222,-10.0,-0.003507,-0.021982,-0.0,-0.0,0.0,-12.710166,7.009507,35.000003,-0.0152384,0.53,0.64007
234.0909,99.90909,199.25,99.25,-10.0,-0.040538,-0.024026,-0.0,-0.0,-0.0,-15.298646,6.732016,35.000003,0.0835999,0.53,0.565897
218.6087,120.7826,182.0909,120.0909,-10.0,-0.034639,-0.055116,-0.0,-0.0,-0.0,-21.832295,9.754098,35.000003,0.111442,0.53,0.509603
180.5,85,151.5,84,-10.0,-0.128195,-0.041036,-0.0,-0.0,0.0,-20.554933,3.552284,35.000003,0.16597,0.53,0.633348
234.7407,130.5926,196.7857,130.5,-10.0,-0.080038,-0.043344,-0.0,-0.0,-0.0,-19.768833,-1.500274,35.000003,0.0613401,0.53,0.492814
307.6579,143.6053,267.7714,144.4286,-10.0,-0.043335,-0.043456,-0.0,-0.0,-0.0,-18.39683,3.323301,35.000003,-0.0924452,0.53,0.480483
138,152.7083,99.5,153.2143,-10.0,-0.063845,0.544033,-0.0,-0.0,0.0,-8.507519,0.324192,35.000003,0.168178,0.53,0.446042
162.0909,141.9091,123,142.1739,-10.0,-0.086834,-0.515392,-0.0,-0.0,0.0,-15.052936,-4.335665,35.000003,0.0866432,0.53,0.480761
138,119,104,119,-10.0,-0.146271,-0.17992,-0.0,-0.0,0.0,-10.947894,-8.699988,35.000003,0.126918,0.53,0.547193
139.4074,141.2593,100.2143,141.5,-10.0,-0.099948,0.113816,-0.0,-0.0,0.0,-0.881253,-4.217686,35.000004,0.105682,0.53,0.469075
158.7222,96.11111,125.6316,95.78947,-10.0,-0.082635,0.165539,-0.0,-0.0,0.0,3.738108,-1.152601,35.000004,-0.0110598,0.53,0.590015
46.6,128.44,7.5,128.6667,-10.0,-0.144411,-0.170571,-0.0,-0.0,-0.0,1.812995,-6.170628,35.000004,0.192924,0.53,0.530666
184.7895,91.63158,152.3684,91.21053,-10.0,-0.09719,-0.111778,-0.0,-0.0,0.0,3.170268,-6.287486,35.000004,-0.14091,0.53,0.570212
235,177,187.325,177.975,-10.0,-0.179174,-0.072774,-0.0,-0.0,0.0,8.172677,-10.368645,35.000004,-0.165496,0.53,0.361927
166,80.5,135.5,79.5,-10.0,-0.123846,-0.138436,-0.0,-0.0,0.0,13.73656,-8.015787,35.000004,-0.111631,0.53,0.618149
128.4074,237.7037,72.72727,238.5455,-10.0,0.126954,-0.376473,0.0,-0.0,-0.0,-1.938807,-5.84616,35.000004,0.0874294,0.53,0.316751
164.28,145.88,123.2759,146.4138,-10.0,-0.090552,-0.155357,-0.0,-0.0,0.0,-4.231426,-4.236422,35.000004,0.0289073,0.53,0.461139
309.6667,147.6923,267.1053,148.2105,-10.0,-0.048066,-0.199885,0.0,-0.0,0.0,-2.538561,-4.599721,35.000004,-0.167291,0.53,0.450059
187.2105,92,152.25,91.25,-10.0,-0.131648,-0.062807,0.0,-0.0,0.0,9.743262,-12.981405,35.000004,-0.211355,0.53,0.533917
218.6792,202.5849,167.1731,203.9038,-10.0,-0.117986,-0.08933,0.0,-0.0,0.0,15.048841,-13.145076,35.000005,-0.115703,0.53,0.333501
271.8611,142.6111,230.9118,143.2059,-10.0,-0.054589,0.270546,-0.0,-0.0,0.0,11.906179,-9.260054,35.000005,-0.219593,0.53,0.420549
123.1905,201.0714,75.2,202.2,-10.0,-0.100602,-0.105926,-0.0,-0.0,0.0,6.21208,-8.695977,35.000005,0.0879309,0.53,0.371343
91.84375,168.625,47.94286,169.4286,-10.0,-0.070925,-0.245554,-0.0,-0.0,0.0,-3.765905,-6.680056,35.000005,0.174161,0.53,0.416494
145,85.5,113.95,85.1,-10.0,-0.011952,-0.043692,-0.0,-0.0,0.0,-5.721384,-2.530296,35.000005,0.0618563,0.53,0.624076
214.5,82,183.7647,81.23529,-10.0,-0.058539,0.091439,-0.0,-0.0,0.0,1.126596,1.258735,35.000005,-0.134093,0.53,0.626904
203,115,167,114.8261,-10.0,-0.126516,-0.029792,-0.0,-0.0,0.0,2.899418,-3.844802,35.000005,-0.0638309,0.53,0.530989
160.1111,101.7222,125.75,101.25,-10.0,-0.069221,-0.006716,-0.0,-0.0,0.0,1.118235,-1.337171,35.000005,0.0295061,0.53,0.57173
268.8065,231.7742,214.8,233.9667,-10.0,-0.078644,-0.009966,-0.0,-0.0,0.0,0.627245,0.508027,35.000005,-0.0791362,0.53,0.330221
218.8261,126,181.7083,126,-10.0,-0.077364,-0.051797,0.0,-0.0,0.0,-3.186381,2.219553,35.000005,-0.108768,0.53,0.496286
212.7407,134.4074,174.7083,135,-10.0,-0.266634,0.124064,-0.0,-0.0,0.0,3.262199,-2.730636,35.000005,-0.117304,0.53,0.482241
231.3208,213.4151,179.3148,215.2778,-10.0,-0.129027,-0.219544,-0.0,-0.0,0.0,0.890176,-1.247001,35.000005,-0.0104639,0.53,0.350276
98.19149,214.3617,45.20755,216.4151,-10.0,0.064481,-0.165751,-0.0,-0.0,0.0,-7.102531,3.465543,35.000005,0.145645,0.53,0.341012
185.6,155.8333,143.4516,156.4194,-10.0,0.057734,-0.145839,-0.0,-0.0,0.0,-11.552538,3.141292,35.000005,0.133633,0.53,0.421151
207.8889,91.72222,177,91,-10.0,-0.109487,0.07351,-0.0,-0.0,0.0,-11.166249,0.531225,35.000005,0.00342368,0.53,0.605472
92,119.7083,54,119.7083,-10.0,-0.058363,-0.007435,-0.0,-0.0,0.0,-6.938931,0.906365,35.000005,0.168921,0.53,0.519949
52.14286,105.8095,15.73913,105.6087,-10.0,-0.067461,0.086742,-0.0,-0.0,0.0,-0.934123,-0.136287,35.000006,0.180981,0.53,0.588607
164.6154,137.1538,125.2143,137.5,-10.0,-0.227363,0.073627,-0.0,-0.0,0.0,5.219174,-5.600077,35.000006,-0.0125687,0.53,0.477037
248.8958,207.5625,200.1087,209.6304,-10.0,-0.105166,0.027642,-0.0,-0.0,0.0,2.647612,-4.483534,35.000006,-0.130519,0.53,0.349239
192,161.2424,148.1714,162,-10.0,0.064596,-0.301202,-0.0,-0.0,0.0,-3.213264,6.836052,35.000006,0.00743732,0.53,0.427944
134.7222,95.11111,99.75,94.75,-10.0,-0.088256,0.006369,-0.0,-0.0,0.0,-2.249031,2.834352,35.000006,0.19853,0.53,0.562785
144,203.5,93.65218,204.9783,-10.0,-0.013885,-0.198851,-0.0,-0.0,0.0,-9.961919,5.500157,35.000006,0.11775,0.53,0.348442
123.8667,79.53333,92.53333,78.86667,-10.0,-0.095171,-0.080953,-0.0,-0.0,0.0,-9.793954,1.612762,35.000006,0.155442,0.53,0.638271
118.25,213.6154,63.64286,215.5179,-10.0,-0.042665,0.134333,-0.0,-0.0,0.0,-2.303531,2.570327,35.000006,0.125678,0.53,0.331489
175,114,139.5,114.2727,-10.0,-0.020155,-0.052374,-0.0,-0.0,0.0,-4.997201,5.395862,35.000006,0.0748821,0.53,0.531315
181.5,85.5,152.1111,84.72222,-10.0,-0.07904,-0.053827,-0.0,-0.0,0.0,-7.783376,1.060249,35.000006,-0.0153595,0.53,0.628285
173.5,157.5,130.0645,158.4194,-10.0,-0.04783,0.301401,-0.0,-0.0,0.0,1.164078,1.66453,35.000006,-0.0317241,0.53,0.437637
165.1786,148.3929,123.5,148.7857,-10.0,-0.053613,0.276592,-0.0,-0.0,0.0,8.849107,5.206667,35.000006,-0.0420106,0.53,0.453445
132,87.5,99.1579,86.8421,-10.0,-0.10239,0.121239,-0.0,-0.0,0.0,9.417482,0.617517,35.000006,0.00787951,0.53,0.62142
100.2,168.925,51.71111,169.9111,-10.0,-0.055033,0.151675,-0.0,-0.0,0.0,11.075889,4.355604,35.000006,0.0818946,0.53,0.410022
220.5581,202.0698,173.2439,204,-10.0,-0.065384,0.131845,-0.0,-0.0,0.0,6.774193,3.428274,35.000006,-0.0948789,0.53,0.365594
161.1842,176.6842,115.5946,177.8378,-10.0,-0.137843,0.121365,-0.0,-0.0,0.0,12.403822,-1.220407,35.000007,-0.00723125,0.53,0.401232
268.7551,203.2449,219.451,204.6667,-10.0,-0.141292,-0.301845,-0.0,-0.0,0.0,2.764582,-6.016341,35.000007,-0.0976433,0.53,0.3638
80.31035,139.1035,37.15625,139.375,-10.0,0.07775,0.060236,-0.0,-0.0,0.0,-2.398682,0.858723,35.000007,0.144415,0.53,0.471505
268.1364,100,237.25,99.75,-10.0,0.024501,-0.12473,-0.0,-0.0,0.0,-4.022683,5.847032,35.000007,-0.0842917,0.53,0.601461
167.6316,98.21053,132,98,-10.0,-0.048489,-0.003341,-0.0,0.0,0.0,-7.53191,7.968711,35.000007,0.155133,0.53,0.539546
264.7297,162.1081,222,163,-10.0,-0.02761,-0.022851,-0.0,-0.0,0.0,-9.01417,8.850137,35.000007,-0.0349158,0.53,0.440542
310.597,217.6716,258.1429,219.3175,-10.0,-0.041382,-0.097721,-0.0,0.0,0.0,-14.514633,6.59984,35.000007,-0.019269,0.53,0.36585
229.8788,158.9394,187.3667,159.6333,-10.0,-0.041871,0.441702,-0.0,0.0,0.0,-8.122135,8.653096,35.000007,-0.0363456,0.53,0.442495
174.2381,113.381,138.5,113.5,-10.0,-0.041889,0.18541,-0.0,0.0,0.0,-1.776223,9.348725,35.000007,0.0423769,0.53,0.531528
238.4138,160.2759,199,161.3,-10.0,-0.038281,0.175229,-0.0,0.0,0.0,2.067747,12.7123,35.000007,-0.104967,0.53,0.448222
116.8125,145.2813,72.07895,145.9474,-10.0,-0.080952,0.147468,-0.0,0.0,0.0,4.974268,9.605636,35.000007,0.124765,0.53,0.434647
100.0213,189.8298,46.48148,191.6296,-10.0,-0.053992,0.152734,-0.0,0.0,0.0,2.172486,11.91917,35.000007,0.0907731,0.53,0.372636
135.1282,175.8718,87.8718,177.1282,-10.0,-0.058867,0.291624,-0.0,0.0,0.0,8.764034,10.781224,35.000007,0.00817757,0.53,0.405722
107.9091,116.9091,69,117.1739,-10.0,-0.1319,0.201127,-0.0,0.0,0.0,12.504263,6.812864,35.000008,0.0138622,0.53,0.532026
183.1333,91.53333,153.5,91.5,-10.0,-0.14591,0.218074,-0.0,0.0,0.0,15.001809,2.213023,35.000008,-0.107853,0.53,0.626474
213.5,127.5,180.2778,127.8889,-10.0,-0.100964,0.311988,-0.0,0.0,0.0,18.212378,5.148353,35.000008,-0.165712,0.53,0.529378
148,103.5,115.25,103.75,-10.0,-0.007779,0.209052,-0.0,0.0,0.0,14.06398,9.780847,35.000008,-0.0774445,0.53,0.575583
195.75,130.75,161.75,131.75,-10.0,-0.228644,0.229812,0.0,0.0,0.0,16.689242,4.403108,35.000008,-0.137763,0.53,0.509757
292.5,125.8333,260,126,-10.0,-0.097829,0.162233,-0.0,0.0,0.0,7.003983,9.012603,35.000008,-0.211851,0.53,0.541303
210.325,183.5,164.075,184.8,-10.0,-0.09986,0.061564,-0.0,0.0,0.0,-2.596586,7.941166,35.000008,0.0365607,0.53,0.388935
315.6346,236.0192,259.6744,236.9535,-10.0,-0.139756,-0.244651,-0.0,0.0,0.0,-11.271974,2.04981,35.000008,-0.0456452,0.53,0.341593
164,95.5,133.5,94.28571,-10.0,-0.123565,-0.093976,-0.0,0.0,0.0,-17.240377,2.196087,35.000008,0.210342,0.53,0.592428
205.7083,115,169,115,-10.0,-0.123672,0.152917,-0.0,0.0,0.0,-11.00611,2.8505,35.000008,0.0842722,0.53,0.524124
163.8095,191.0714,113.5417,192.3958,-10.0,-0.123675,-0.055829,-0.0,0.0,0.0,-14.045092,4.73055,35.000008,0.124413,0.53,0.352563
290.8718,155.8718,247.1282,156.1282,-10.0,-0.168361,-0.022946,-0.0,0.0,0.0,-12.063213,4.479378,35.000009,-0.0284927,0.53,0.456905
135.2143,137.5,94.33334,137.8,-10.0,-0.126512,0.084009,-0.0,0.0,0.0,-0.894019,11.426933,35.000009,0.14642,0.53,0.452343
165.4,87.6,135.5,86.71429,-10.0,-0.144617,-0.06516,0.0,0.0,0.0,-11.709597,6.463241,35.000009,0.176993,0.53,0.617281
175.5,129.5,139,129.5,-10.0,-0.237447,-0.080875,-0.0,0.0,-0.0,-15.551825,-0.040644,35.000009,0.104289,0.53,0.491784
276.4762,91.61905,244.4348,90.82609,-10.0,-0.2007,0.222832,-0.0,0.0,0.0,-3.922873,-1.77264,35.000009,-0.0972577,0.53,0.606277
193.4286,175.2286,146,176.1538,-10.0,-0.189901,-0.228824,0.0,0.0,0.0,-12.088041,-1.653873,35.000009,0.0263616,0.53,0.402549
260.1,94.7,229,94,-10.0,-0.192032,0.171551,-0.0,0.0,0.0,-5.387193,1.209201,35.000009,-0.045058,0.53,0.601932
224.04,123.4,187.5,123,-10.0,-0.19161,-0.158621,-0.0,0.0,-0.0,-12.667956,1.960841,35.000009,0.0332542,0.53,0.516931
134.1176,101.5882,101.8889,101.2778,-10.0,-0.244373,-0.037252,-0.0,0.0,0.0,-15.562165,-3.041106,35.000009,0.185968,0.53,0.56762
279.7556,176.4444,233.8372,177.5581,-10.0,-0.209348,0.074284,-0.0,0.0,0.0,-10.37092,0.057654,35.000009,-0.0924289,0.53,0.406286
151.5,160.2143,108.5484,160.5806,-10.0,-0.215481,-0.026516,0.0,0.0,0.0,-7.580235,-1.762308,35.000009,0.141879,0.53,0.422867
151,137.5,109.5,138,-10.0,-0.214339,-0.142044,0.0,0.0,0.0,-13.88281,-0.969162,35.000009,0.0977682,0.53,0.469218
220.7083,116,185,116,-10.0,-0.214513,0.447021,0.0,0.0,0.0,-4.508785,2.408204,35.000009,-0.0312431,0.53,0.534801
282.875,122.1667,249,122.1739,-10.0,-0.214489,0.029825,0.0,0.0,0.0,-4.130433,3.666005,35.000009,-0.127907,0.53,0.541924
156,106,119.619,105.7619,-10.0,-0.192418,0.10824,0.0,0.0,0.0,-4.923432,6.954552,35.000009,0.0112185,0.53,0.558671
139.5,84,106.2222,83.5,-10.0,-0.418125,0.293852,0.0,0.0,0.0,4.179157,0.327233,35.00001,0.123588,0.53,0.618093
120.2973,172.8649,72.72093,173.9302,-10.0,-0.254161,0.360301,0.0,0.0,0.0,4.86455,7.04039,35.00001,0.0480342,0.53,0.409567
107.0426,213.4255,53.65454,215.1818,-10.0,-0.391647,0.167779,0.0,0.0,0.0,7.147442,0.798373,35.00001,0.0938844,0.53,0.351692
147.96,126.4,109,126.7083,-10.0,-0.286485,-0.068628,0.0,0.0,0.0,0.067319,-3.443278,35.00001,0.065851,0.53,0.505359
250.3235,153.0588,208.0909,153.697,-10.0,-0.306511,0.152811,0.0,0.0,0.0,-2.092985,-2.20774,35.00001,-0.0826042,0.53,0.444491
58.74138,216.0172,4,217.5,-10.0,-0.303059,0.109412,0.0,0.0,0.0,-4.564584,-1.779716,35.00001,0.139445,0.53,0.348042
138.5,122.5,99.5,122.5,-10.0,-0.303578,0.528291,0.0,0.0,0.0,4.777598,0.453396,35.00001,0.0647144,0.53,0.515129
102.2059,158.0882,56.1282,158.8718,-10.0,-0.303495,0.121921,0.0,0.0,0.0,0.393961,-1.664247,35.00001,0.120968,0.53,0.426733
181,218.5,127.25,220.6154,-10.0,-0.224302,0.234149,0.0,0.0,0.0,2.006981,3.512369,35.00001,0.0347937,0.53,0.33656
219.3158,170.8158,171.7568,171.7568,-10.0,-0.258581,0.212461,0.0,0.0,0.0,-1.858354,10.091556,35.00001,0.0378629,0.53,0.408448
227.2174,116.087,192.2174,116.087,-10.0,-0.247066,-0.038936,0.0,0.0,0.0,-10.090493,8.665931,35.00001,-0.013639,0.53,0.539463
259.8421,115.8421,231.8421,115.8421,-10.0,-0.24885,0.380996,0.0,0.0,0.0,-4.31998,10.027193,35.00001,-0.16313,0.53,0.576877
199.925,192.8,153,194.6667,-10.0,-0.248528,0.486002,0.0,0.0,0.0,3.916908,10.724747,35.00001,-0.034488,0.53,0.38197
112,106,74.4,105.96,-10.0,-0.248579,0.285188,0.0,0.0,0.0,6.269564,11.392724,35.00001,0.110202,0.53,0.542962
162.36,224.5,109.9231,226.2115,-10.0,-0.281602,0.011041,0.0,0.0,0.0,-10.958404,2.803384,35.00001,0.124515,0.53,0.316065
183.75,118.75,149,118,-10.0,-0.259897,0.187872,0.0,0.0,0.0,-16.153546,1.7471,35.000011,0.167008,0.53,0.516864
259.2222,84.5,228.6316,83.78947,-10.0,-0.264064,0.152603,0.0,0.0,0.0,-20.780053,-0.013307,35.000011,-0.0202895,0.53,0.637838
274.5,207.5,223.4815,209.1296,-10.0,-0.253734,0.453305,0.0,0.0,0.0,-12.803589,4.849577,35.000011,-0.0309766,0.53,0.368155
165,101,130.0909,100.9091,-10.0,-0.25548,0.230497,0.0,0.0,0.0,-11.50828,5.706597,35.000011,0.175377,0.53,0.531607
221.25,93.25,188,93,-10.0,-0.211705,0.271089,0.0,0.0,0.0,-12.471365,9.533166,35.000011,0.0999783,0.53,0.576472
128.5,70,97.72222,69.11111,-10.0,-0.321695,0.483994,0.0,0.0,0.0,-7.646368,7.804863,35.000011,0.197995,0.53,0.644562
78,93,41.95454,92.27273,-10.0,-0.307209,0.711117,0.0,0.0,0.0,4.108019,5.846012,35.000011,0.104403,0.53,0.60085
207.5,137,169.2593,137.4074,-10.0,-0.471438,0.528448,0.0,0.0,0.0,11.243333,-0.043305,35.000011,-0.1574,0.53,0.465028
150.8462,131.6154,111.4074,131.7407,-10.0,-0.330624,0.49209,0.0,0.0,0.0,13.438604,-1.48971,35.000011,0.00416811,0.53,0.49151
56.88889,93.27778,21.78261,92.91304,-10.0,-0.355702,0.034572,0.0,0.0,0.0,3.890739,-3.420307,35.000011,0.204932,0.53,0.610099
199.4815,140.8889,158.5,141.2143,-10.0,-0.351905,0.44189,0.0,0.0,0.0,4.194256,-1.921097,35.000011,-0.102068,0.53,0.457912
142.9091,119.0909,105,119.2917,-10.0,-0.369308,0.39498,0.0,0.0,0.0,7.859859,-4.349062,35.000011,-0.0134712,0.53,0.521284
134.9,86.05,102.8889,85.27778,-10.0,-0.365897,0.399137,0.0,0.0,0.0,7.503028,-4.849158,35.000011,-0.0821854,0.53,0.608323
178.7222,85.11111,147.1111,84.72222,-10.0,-0.45226,0.474322,0.0,0.0,0.0,13.532651,-9.351382,35.000011,-0.215681,0.53,0.561226
207,124.2917,169.5,124.5,-10.0,-0.411894,0.438813,0.0,0.0,0.0,16.55705,-10.119591,35.000011,-0.140546,0.53,0.488074
247.2368,190.5526,203.325,191.975,-10.0,-0.308405,0.267078,0.0,0.0,0.0,8.531534,-5.292602,35.000012,-0.176257,0.53,0.364201
180.7568,176.2432,133.8378,177.4054,-10.0,-0.302063,0.529209,0.0,0.0,0.0,12.928706,0.486289,35.000012,-0.121576,0.53,0.383825
36.66667,111.875,1.421053,111.8947,-10.0,-0.389418,0.34059,0.0,0.0,0.0,16.306172,-6.005135,35.000012,0.167565,0.53,0.584915
246.7826,116.087,211.9091,116.0909,-10.0,-0.386853,-0.083196,0.0,0.0,0.0,7.322702,-8.550905,35.000012,-0.164434,0.53,0.519641
212.6,96.4,184,95.5,-10.0,-0.144957,0.328728,0.0,0.0,0.0,3.115602,-1.883617,35.000012,-0.175579,0.53,0.603938
48,101,7.482759,100.7586,-10.0,-0.294039,0.647944,0.0,0.0,0.0,11.380708,3.479997,35.000012,0.174542,0.53,0.549882
209.1176,105.4118,175.2778,105.1111,-10.0,-0.268667,0.333817,0.0,0.0,0.0,10.861612,7.146121,35.000012,-0.0501537,0.53,0.576876
206.4667,85.86667,176.6,85.4,-10.0,-0.248543,0.15489,0.0,0.0,0.0,2.567652,9.230972,35.000012,-0.0749835,0.53,0.645118
160.02,217.08,105.75,219.3846,-10.0,-0.258312,0.336025,0.0,0.0,0.0,4.212504,6.892605,35.000012,0.00488243,0.53,0.343358
165.65,189.425,117.1905,191.0714,-10.0,-0.25669,0.433958,0.0,0.0,0.0,9.169844,9.362157,35.000012,0.0139049,0.53,0.380164
98.1282,171.8718,48.20454,174.1136,-10.0,-0.256911,0.593014,0.0,0.0,0.0,13.238611,6.970739,35.000012,0.0205308,0.53,0.41915
142,139.5,99.21429,139.8571,-10.0,-0.256917,0.533118,0.0,0.0,0.0,19.51865,8.045007,35.000012,0.0124838,0.53,0.473164
206.3667,147.6333,165.2759,148.4138,-10.0,-0.262333,-0.380611,0.0,0.0,0.0,7.244485,2.771557,35.000012,-0.0711279,0.53,0.452161
81.85714,93.80952,45.1,93.3,-10.0,-0.284043,0.261546,0.0,0.0,0.0,3.436722,-0.990621,35.000012,0.0710428,0.53,0.61397
209.7714,166.5714,165.1622,167.4054,-10.0,-0.430488,0.279347,0.0,0.0,0.0,10.084334,-6.432978,35.000012,-0.101878,0.53,0.401811
142.5,156.875,97.42424,157.5758,-10.0,-0.317358,0.145259,0.0,0.0,0.0,5.49793,-8.100515,35.000012,-0.027037,0.53,0.435181
132,114,94.90909,113.9091,-10.0,-0.336061,0.222785,0.0,0.0,0.0,9.535817,-7.629824,35.000012,-0.0138539,0.53,0.536756
145.8519,228.5,92.48333,230.2167,-10.0,-0.332604,0.209387,0.0,0.0,0.0,8.826259,-6.351307,35.000013,0.0484745,0.53,0.328715
218.1163,191.8837,170.8864,193.2045,-10.0,-0.296107,0.10286,0.0,0.0,0.0,-4.968924,-1.486586,35.000013,0.0357632,0.53,0.376319
293.95,77.9,263.619,76.7619,-10.0,-0.213845,0.029641,0.0,0.0,0.0,-13.291565,1.105964,35.000013,-0.116852,0.53,0.655214
177.5862,150.2759,134.8333,150.5667,-10.0,-0.23006,0.034213,0.0,0.0,0.0,-13.994349,-1.798496,35.000013,0.0683754,0.53,0.443888
216.5,153.5,173.1143,153.8857,-10.0,-0.190781,0.278125,0.0,0.0,0.0,-6.563308,3.572593,35.000013,0.0537895,0.53,0.439653
176.7895,109.6316,142.1429,109.1905,-10.0,-0.214349,-0.099359,0.0,0.0,0.0,-13.186308,4.974378,35.000013,0.0655268,0.53,0.549049
146.0714,76.14286,114.4667,75.13333,-10.0,-0.371902,0.112287,0.0,0.0,0.0,-7.67311,-0.888626,35.000013,0.0681796,0.53,0.656619
263.8824,89.58823,235.05,89.1,-10.0,-0.227955,0.586569,0.0,0.0,0.0,2.997959,4.194658,35.000013,-0.182834,0.53,0.627718
245.5,102.5,214.8824,102.4118,-10.0,-0.253985,-0.033568,0.0,0.0,0.0,-0.228082,2.619996,35.000013,-0.165569,0.53,0.595839
171.5714,164.7714,125.2432,165.7568,-10.0,-0.25003,0.185244,0.0,0.0,0.0,4.58601,6.105152,35.000013,0.0623981,0.53,0.412951
243.6,111.04,208.9091,110.9091,-10.0,-0.245855,-0.153764,0.0,0.0,0.0,-4.025611,7.595651,35.000013,-0.050113,0.53,0.549076
229,153.5,186.9118,154.2059,-10.0,-0.285954,-0.179159,0.0,0.0,0.0,-14.510673,-3.723545,35.000013,-0.0126219,0.53,0.446057
164.5,142.7857,123.5862,143.2759,-10.0,-0.274958,0.122527,0.0,0.0,0.0,-2.892601,4.228193,35.000013,0.0064465,0.53,0.465122
229.8571,124.8095,196,125,-10.0,-0.277397,0.28833,0.0,0.0,0.0,5.487145,4.832249,35.000013,-0.161376,0.53,0.512225
118.8421,96.8421,83,97,-10.0,-0.280674,0.102625,0.0,0.0,0.0,8.297443,2.542623,35.000013,-0.0142034,0.53,0.590925
138.8286,162,92.77778,163.3333,-10.0,-0.279979,0.316094,0.0,0.0,0.0,15.898363,2.623861,35.000014,-0.0763014,0.53,0.421879
195.7895,101.3684,162,101,-10.0,-0.312866,0.204872,0.0,0.0,0.0,20.156147,-1.363483,35.000014,-0.162973,0.53,0.546629
304.2571,145.7143,262.5807,145.7419,-10.0,-0.337148,-0.342359,0.0,0.0,0.0,10.689929,-5.998728,35.000014,-0.21697,0.53,0.44644
255.05,181.075,208.1628,182.4419,-10.0,-0.243673,-0.305049,0.0,0.0,0.0,-0.282236,-2.524416,35.000014,-0.12343,0.53,0.381323
132.2542,229.1864,74.12122,231.4848,-10.0,-0.341242,-0.047431,0.0,0.0,0.0,0.984005,-5.55817,35.000014,0.0102616,0.53,0.332255
304.7727,236.9545,251.2857,237.6786,-10.0,-0.320936,0.151916,0.0,0.0,0.0,8.309824,-6.227631,35.000014,-0.187666,0.53,0.300947
167.25,89.625,135.5,89,-10.0,-0.250094,-0.043423,0.0,0.0,0.0,6.809122,-1.273164,35.000014,-0.0252503,0.53,0.611843
68.64706,94,35.05,93.1,-10.0,-0.308203,-0.006273,0.0,0.0,0.0,4.369937,0.025528,35.000014,0.21888,0.53,0.62614
114.1111,99.27778,81,98.78947,-10.0,-0.350103,-0.13747,0.0,0.0,0.0,-0.762577,-5.051967,35.000014,0.121807,0.53,0.599375
90.74074,139.4074,49.63334,139.6333,-10.0,-0.314576,-0.035795,0.0,0.0,0.0,-1.793721,-5.861842,35.000014,0.157997,0.53,0.475499
60.35294,81.47059,25.89474,80.57895,-10.0,-0.267503,-0.054976,0.0,0.0,0.0,-1.216124,-1.395217,35.000014,0.203044,0.53,0.649248
270.5294,211.2353,220.5882,212.6863,-10.0,-0.302999,0.129614,0.0,0.0,0.0,4.691772,-1.358017,35.000014,-0.13851,0.53,0.345531
200.7222,97.88889,167.5,97.22222,-10.0,-0.296967,-0.012387,0.0,0.0,0.0,3.95279,0.160719,35.000014,-0.0393182,0.53,0.587741
81.74074,124.4074,42.58621,124.2759,-10.0,-0.297949,-0.019904,0.0,0.0,0.0,-0.225403,2.174462,35.000014,0.128827,0.53,0.513127
144.5,95.5,111,95,-10.0,-0.357462,0.075768,0.0,0.0,0.0,5.080776,-0.981518,35.000014,0.0185476,0.53,0.596395
111.5,132.5,73.5862,132.7241,-10.0,-0.366342,-0.035879,0.0,0.0,0.0,2.237071,-5.653054,35.000014,0.126776,0.53,0.495881
296.8689,213.9672,245.85,216.05,-10.0,-0.307383,-0.058739,0.0,0.0,0.0,-2.405649,-3.298756,35.000014,-0.106969,0.53,0.35407
282.7755,195.6122,235.7955,197.1136,-10.0,-0.280431,-0.030913,0.0,0.0,0.0,-6.015512,0.031313,35.000014,-0.152151,0.53,0.368674
181.3684,104.7895,147.25,104.25,-10.0,-0.307079,0.304086,0.0,0.0,0.0,2.623841,-0.149187,35.000014,-0.0310084,0.53,0.560642
305.0857,138.3143,266.6765,138.5882,-10.0,-0.302008,0.015791,0.0,0.0,0.0,0.908588,-3.1385,35.000015,-0.18988,0.53,0.467411
131.5,171.1667,85.1282,171.8718,-10.0,-0.30282,0.007144,0.0,0.0,0.0,-3.569953,-3.171498,35.000015,0.10311,0.53,0.402879
312.9,198.84,265.5,200,-10.0,-0.18323,0.042516,0.0,0.0,0.0,-2.806987,2.840859,35.000015,-0.203078,0.53,0.36308
155.6491,231.9298,99.42623,234.1803,-10.0,-0.313893,0.166254,0.0,0.0,0.0,3.989662,0.380483,35.000015,-0.0328773,0.53,0.323918
275,160.5,235.5484,161.4194,-10.0,-0.297156,0.132295,0.0,0.0,0.0,14.519703,-0.201845,35.000015,-0.21529,0.53,0.409678
254.7407,133.5926,216,133.7083,-10.0,-0.296614,-0.088929,0.0,0.0,0.0,7.553712,-2.420138,35.000015,-0.138903,0.53,0.485771
226,124.7083,189,124.8261,-10.0,-0.258766,-0.047443,0.0,0.0,0.0,0.818983,-0.108946,35.000015,-0.103749,0.53,0.497933
72.65909,184.3636,22.05882,185.6471,-10.0,-0.343667,0.04058,0.0,0.0,0.0,0.320654,-4.227226,35.000015,0.131648,0.53,0.392972
111,93,77.22222,92.5,-10.0,-0.267297,0.077093,0.0,0.0,0.0,3.863824,-0.295743,35.000015,0.112981,0.53,0.600618
286.5,158,244.3158,158.8158,-10.0,-0.284468,0.0425,0.0,0.0,0.0,2.34068,-0.37488,35.000015,-0.139625,0.53,0.436042
234.5625,84.75,204.2778,84.11111,-10.0,-0.281859,-0.149494,0.0,0.0,0.0,-4.16526,-1.141969,35.000015,-0.113533,0.53,0.625748
122.8889,94.27778,89.88889,93.72222,-10.0,-0.282273,0.004402,0.0,0.0,0.0,-2.34276,-1.666268,35.000015,0.0663002,0.53,0.606951
160.5,108.5,125.25,108.25,-10.0,-0.345214,0.024349,0.0,0.0,0.0,2.612204,-5.468232,35.000015,0.0686419,0.53,0.562466
131,196.7561,82.44186,198.0698,-10.0,-0.298056,-0.401008,0.0,0.0,0.0,-7.599503,-6.131907,35.000015,0.0896786,0.53,0.378919
98,97.5,68,96.5,-10.0,-0.326301,-0.020154,0.0,0.0,0.0,-5.402648,-8.795308,35.000015,0.175628,0.53,0.648836
145.2778,116.8889,111,117,-10.0,-0.274561,-0.181192,0.0,0.0,0.0,-11.308369,-8.932441,35.000015,0.10039,0.53,0.546118
310.8974,134.4872,269.0789,134.0526,-10.0,-0.319245,-0.0581,0.0,0.0,0.0,-7.707742,-7.749859,35.000015,-0.167061,0.53,0.462602
140.2727,143.5,102.5,143.5,-10.0,-0.311005,-0.098975,0.0,0.0,0.0,-9.629424,-10.41494,35.000016,0.148562,0.53,0.485485
204.2917,126,168,126.2917,-10.0,-0.312589,-0.13183,0.0,0.0,0.0,-13.777043,-9.528164,35.000016,-0.0384278,0.53,0.501942
229,104,195,103.5,-10.0,-0.271235,0.503267,0.0,0.0,0.0,-2.259359,-3.234857,35.000016,-0.189019,0.53,0.535524
262.5555,117.2963,228,117.2917,-10.0,-0.310216,0.099468,0.0,0.0,0.0,10.937304,-5.141209,35.000016,-0.202672,0.53,0.498422
219.3214,127.6786,181.5,128,-10.0,-0.319816,-0.188437,0.0,0.0,0.0,2.764823,-5.799912,35.000016,-0.121469,0.53,0.483852
153.7568,169.2432,105.1842,170.3158,-10.0,-0.31815,0.064161,0.0,0.0,0.0,3.756979,-5.751764,35.000016,-0.0505461,0.53,0.40853
96.88372,191.8837,47.42553,193.0426,-10.0,-0.318443,0.203604,0.0,0.0,0.0,11.604234,-6.609237,35.000016,0.0768544,0.53,0.38634
89.81579,171.6842,42.225,172.85,-10.0,-0.276684,-0.024677,0.0,0.0,0.0,5.458293,-3.727425,35.000016,0.0870594,0.53,0.419731
200.5,76.28571,171.7143,75.5,-10.0,-0.303571,0.081682,0.0,-0.0,0.0,6.13066,-3.338293,35.000016,-0.176165,0.53,0.635977
164.0833,141.9167,125.7857,142.5,-10.0,-0.298375,0.061483,0.0,0.0,0.0,8.651301,-5.545974,35.000016,-0.100517,0.53,0.46245
222.6316,177.9211,177.5897,179,-10.0,-0.263999,0.348571,0.0,0.0,0.0,16.745797,-0.184435,35.000016,-0.141652,0.53,0.378236
64,123.5,21.24242,124.4242,-10.0,-0.211341,0.338428,0.0,0.0,0.0,16.616756,0.976675,35.000016,0.0225615,0.53,0.524424
180.1905,207.0714,130.9773,209.6591,-10.0,-0.336323,0.164127,0.0,0.0,0.0,20.574314,-2.753577,35.000016,-0.11483,0.53,0.346936
129,106,94,106,-10.0,-0.202045,0.196093,0.0,0.0,0.0,20.870269,2.353859,35.000016,-0.0629597,0.53,0.560902
131.7222,101.1111,97.22222,101.5,-10.0,-0.27355,0.162364,0.0,0.0,0.0,17.789074,0.496028,35.000016,-0.078203,0.53,0.579436
134.2917,129,95.5,130,-10.0,-0.260736,0.176001,0.0,-0.0,0.0,19.507363,2.325334,35.000016,-0.089293,0.53,0.494836
129.7241,143.5862,87.3125,144.4688,-10.0,-0.276934,0.070221,0.0,0.0,0.0,14.770457,0.131344,35.000016,-0.055405,0.53,0.460364
233.7895,96.63158,204.2105,96.36842,-10.0,-0.347175,0.158256,0.0,-0.0,0.0,16.766863,-4.614139,35.000017,-0.169913,0.53,0.578654
282.6364,156.6667,242.4194,157.2581,-10.0,-0.233945,-0.479352,0.0,0.0,0.0,3.342907,-1.980389,35.000017,-0.170803,0.53,0.445345
184.2759,153.5862,143.5,154.5,-10.0,-0.21246,0.042842,0.0,0.0,0.0,1.416901,2.814464,35.000017,-0.0839129,0.53,0.435366
87.90244,182.7317,38.5,184,-10.0,-0.330917,0.005061,0.0,0.0,0.0,10.394092,-6.367737,35.000017,0.0750725,0.53,0.405957
90,135.4643,47.84375,135.625,-10.0,-0.349369,0.002277,0.0,-0.0,0.0,6.79854,-6.066668,35.000017,0.0753063,0.53,0.492332
227.7778,179.6667,181.1795,180.5897,-10.0,-0.345099,0.006871,0.0,-0.0,0.0,8.396354,-3.240825,35.000017,-0.0877961,0.53,0.394265
229,126.1739,194.8261,127,-10.0,-0.297476,-0.067774,0.0,-0.0,0.0,3.048378,-0.009452,35.000017,-0.189551,0.53,0.474906
165.2973,178.1351,117.2,179.075,-10.0,-0.501438,0.099835,0.0,-0.0,0.0,9.913551,-5.589477,35.000017,0.00425799,0.53,0.400553
254.6,198.28,205.7174,200.1739,-10.0,-0.394739,-0.060727,0.0,-0.0,0.0,-2.64348,-7.470451,35.000017,-0.0830052,0.53,0.367522
129.5897,206,78.71111,207.5333,-10.0,-0.219871,-0.150946,0.0,-0.0,0.0,-2.800309,-1.074163,35.000017,0.12615,0.53,0.356678
258,115.84,219.7407,115.4074,-10.0,-0.335799,0.087613,0.0,-0.0,0.0,-1.810251,-5.370264,35.000017,-0.210703,0.53,0.4856
236.9,93.3,204,93,-10.0,-0.429401,-0.087681,0.0,-0.0,0.0,4.527091,-9.53497,35.000017,-0.197258,0.53,0.557307
208.5,142.2143,168.2759,142.5862,-10.0,-0.355469,-0.117265,0.0,-0.0,0.0,4.066356,-8.358091,35.000017,-0.0763266,0.53,0.46043
161.2889,202.7556,110.0426,204.4255,-10.0,-0.281724,-0.110644,0.0,-0.0,0.0,1.872498,-3.543134,35.000017,0.000333079,0.53,0.361472
68.8421,90.1579,33,89.38095,-10.0,-0.350746,-0.111814,0.0,-0.0,0.0,4.240923,-2.023999,35.000017,0.157533,0.53,0.608339
284.3333,197.1333,240.4419,199.1628,-10.0,-0.338457,-0.092452,0.0,-0.0,0.0,6.94169,0.521815,35.000017,-0.152956,0.53,0.380258
218.9091,174.303,176,175.6563,-10.0,-0.228679,-0.120846,0.0,-0.0,0.0,2.312662,5.917667,35.000018,-0.0883571,0.53,0.415085
112.5,148.5,67.57576,149.4242,-10.0,-0.306986,-0.096813,0.0,-0.0,0.0,6.411521,5.884184,35.000018,0.113919,0.53,0.44436
277,98.21053,247.5,97.5,-10.0,-0.309121,-0.195377,0.0,-0.0,0.0,0.911461,3.631232,35.000018,-0.204753,0.53,0.615655
228.0909,108.9091,195.25,108.75,-10.0,-0.308851,-0.104512,0.0,-0.0,0.0,0.469328,5.249008,35.000018,-0.0051258,0.53,0.557115
116.7778,99.5,81,99,-10.0,-0.290428,0.095093,0.0,-0.0,0.0,-0.12829,8.37857,35.000018,0.0702057,0.53,0.573656
229.5,87.28571,200.1333,86.53333,-10.0,-0.446115,-0.002204,0.0,-0.0,0.0,7.333626,3.011717,35.000018,-0.14743,0.53,0.629374
222.12,133.72,184,134,-10.0,-0.351062,-0.1464,0.0,-0.0,0.0,-2.198422,1.853739,35.000018,-0.0758787,0.53,0.487121
78.11628,193.1163,26.84906,194.3774,-10.0,-0.346888,-0.101169,0.0,-0.0,0.0,0.281053,0.700892,35.000018,0.171153,0.53,0.360044
166.2917,131,127.5,131.2143,-10.0,-0.33242,-0.11031,0.0,-0.0,0.0,-2.915507,3.542297,35.000018,-0.0176794,0.53,0.492172
246.4375,87.25,215,86.5,-10.0,-0.377337,0.20172,0.0,-0.0,0.0,6.12977,1.312961,35.000018,-0.124766,0.53,0.629353
91.29166,130,54.66667,130.125,-10.0,-0.370966,-0.248265,0.0,-0.0,0.0,0.078893,0.048051,35.000018,0.216147,0.53,0.494248
190.4706,99.64706,157.3684,99.21053,-10.0,-0.380952,-0.485021,0.0,-0.0,0.0,-7.880792,-1.870321,35.000018,0.00426205,0.53,0.579384
183,175,138.0526,175.9211,-10.0,-0.379036,-0.226963,0.0,-0.0,0.0,-4.480451,-1.836238,35.000018,0.0474926,0.53,0.402233
157.2778,100.8889,123.6316,100.2105,-10.0,-0.447443,-0.30117,0.0,-0.0,0.0,-16.321845,-2.807258,35.000019,0.156861,0.53,0.560828
100.5217,121.3913,62,121.2917,-10.0,-0.312274,-0.236108,0.0,-0.0,0.0,-11.511227,2.951857,35.000019,0.198981,0.53,0.496396
118.1,113.95,82.85714,113.8095,-10.0,-0.371048,-0.162445,0.0,-0.0,0.0,-5.081868,3.023821,35.000019,0.185111,0.53,0.530652
157.2759,156.4138,114.4839,156.7742,-10.0,-0.377206,-0.315205,0.0,-0.0,0.0,-8.149319,-0.095868,35.000019,0.157231,0.53,0.413832
174.1333,95.53333,143,94.5,-10.0,-0.264305,-0.403385,0.0,-0.0,0.0,-15.61762,4.514574,35.000019,0.180626,0.53,0.587574
191.2174,125.913,153.7083,126,-10.0,-0.353449,-0.101027,0.0,-0.0,0.0,-11.612226,2.733323,35.000019,0.0707162,0.53,0.501529
148.5,233,95.14063,235.125,-10.0,-0.357409,-0.312403,0.0,-0.0,0.0,-15.247001,1.055151,35.000019,0.0823771,0.53,0.314863
123.6,72.4,91.25,71.5625,-10.0,-0.357541,0.229339,0.0,0.0,0.0,-5.35573,3.196635,35.000019,0.130804,0.53,0.651571
48.5,173,0,173.5,-10.0,-0.341523,0.163081,0.0,-0.0,0.0,3.160096,7.636946,35.000019,0.187683,0.53,0.384659
179.3684,113.2105,145.75,113.25,-10.0,-0.344466,-0.091893,0.0,0.0,0.0,3.091477,7.816714,35.000019,-0.0307083,0.53,0.549344
260.1282,184.1282,217.25,185.65,-10.0,-0.343937,0.036298,0.0,-0.0,0.0,7.698983,9.935399,35.000019,-0.0863919,0.53,0.404092
91.38461,114.1538,50.5,114.3333,-10.0,-0.344027,-0.477641,0.0,0.0,0.0,-2.529541,7.60579,35.000019,0.208031,0.53,0.485432
189.2857,73.5,158.1333,72.53333,-10.0,-0.343584,-0.175572,0.0,0.0,0.0,-0.574888,12.732217,35.000019,0.089895,0.53,0.657877
142.3462,126.6538,102.5,127,-10.0,-0.419798,-0.149909,0.0,0.0,0.0,-3.101563,-1.563809,35.000019,0.0200323,0.53,0.506681
142.8889,153.8889,101.2759,154.4138,-10.0,-0.541267,-0.007245,0.0,0.0,0.0,3.204393,-6.345253,35.00002,0.0583333,0.53,0.452243
271.7826,115.087,241.5,114.7273,-10.0,-0.24084,-0.126034,0.0,0.0,0.0,-7.535856,-2.261586,35.00002,-0.184956,0.53,0.546888
225,101,192,101,-10.0,-0.365531,-0.825551,0.0,0.0,0.0,-8.028175,-0.605466,35.00002,-0.0191593,0.53,0.575609
276.054,155.4324,233.5,155.8333,-10.0,-0.368261,-0.332857,0.0,0.0,0.0,-10.463734,-3.178157,35.00002,-0.0663781,0.53,0.447346
114.9167,139.5,74.5,140,-10.0,-0.367735,-0.426899,0.0,0.0,0.0,-12.437838,-2.239367,35.00002,0.124159,0.53,0.488811
58.7037,129.7778,20.15625,130.375,-10.0,-0.498535,-0.217369,0.0,-0.0,0.0,-4.107396,-7.341534,35.00002,0.176305,0.53,0.505349
99.54054,162.0811,52.05,162.925,-10.0,-0.35731,-0.091275,0.0,0.0,0.0,3.174664,-2.316708,35.00002,0.0654376,0.53,0.431727
177.2222,109.5,142.75,109.25,-10.0,-0.389044,-0.143417,0.0,-0.0,0.0,14.164968,1.236107,35.00002,-0.0449761,0.53,0.551747
205.5,78.71429,176,77.64706,-10.0,-0.041302,-0.03918,-0.0,-0.0,0.0,0.815203,-1.077238,35.000003,-0.0826929,0.53,0.650991
51.86111,153.3889,5.380952,153.9048,-10.0,-0.033205,-0.031498,-0.0,-0.0,0.0,0.660323,-0.872574,35.000002,0.189906,0.53,0.437883
96.42424,156.5758,50,157.5,-10.0,-0.034661,-0.032879,-0.0,-0.0,0.0,2.664095,2.344634,35.000002,0.139488,0.53,0.426631
215.0882,163.7941,172.0909,164.697,-10.0,-0.03444,-0.03267,-0.0,-0.0,0.0,0.631502,3.903717,35.000002,-0.0492083,0.53,0.427008
177.7857,150.5,136.6333,151.3667,-10.0,-0.034476,-0.032704,-0.0,-0.0,-0.0,1.11195,4.116047,35.000002,-0.0254941,0.53,0.453408
48.09091,71.09091,14.38095,70.42857,-10.0,-0.034471,0.147478,-0.0,-0.0,0.0,7.350137,7.635905,35.000002,0.165168,0.53,0.655586
147.8261,120.5652,110.3462,120.6538,-10.0,-0.034471,-0.289772,-0.0,-0.0,0.0,5.219694,2.374675,35.000003,0.0151263,0.53,0.518565
125.75,107.75,87.5,107.2727,-10.0,0.007664,0.059746,-0.0,-0.0,0.0,8.36639,7.194303,35.000003,0.106043,0.53,0.545779
254,118.2105,223.25,118.25,-10.0,-0.017564,-0.271546,-0.0,-0.0,0.0,0.267067,2.982616,35.000003,-0.187485,0.53,0.554595
83.78788,135.5455,39.62162,135.8108,-10.0,0.003846,0.122314,-0.0,-0.0,0.0,6.064894,7.396276,35.000003,0.154426,0.53,0.457229
171.7826,124.913,134.0909,125.0909,-10.0,-0.000466,-0.032254,-0.0,-0.0,0.0,4.293389,9.063274,35.000003,-0.0127801,0.53,0.512743
79.11429,145.1143,31.675,145.85,-10.0,0.000308,0.005325,-0.0,-0.0,0.0,7.290828,9.02098,35.000003,0.18974,0.53,0.426291
131.2759,138.4138,88.74194,138.6452,-10.0,0.00019,-0.109318,-0.0,-0.0,0.0,-5.185988,8.264738,35.000003,0.169941,0.53,0.439774
295.8333,147.2,259.5185,147.8889,-10.0,-0.016944,0.223987,-0.0,-0.0,0.0,-3.271379,9.403318,35.000003,-0.200518,0.53,0.480358
264.8718,176.8718,220.5405,177.9189,-10.0,-0.048626,-0.0032,-0.0,-0.0,0.0,1.799835,5.836009,35.000003,-0.0996255,0.53,0.415371
278.8125,203.3125,233.5,205.5,-10.0,-0.012286,0.009776,-0.0,-0.0,0.0,-1.137972,7.07341,35.000003,-0.160306,0.53,0.35939
199,113,167,113,-10.0,-0.12198,0.094941,-0.0,-0.0,0.0,5.24725,2.221488,35.000003,-0.146569,0.53,0.542254
150.5,121.5,112.5,121.5,-10.0,-0.035302,0.264639,-0.0,-0.0,0.0,12.601035,2.477877,35.000003,-0.0757153,0.53,0.51314
118.3,101.1,83,101,-10.0,-0.109938,0.218498,-0.0,-0.0,0.0,21.029565,-4.172891,35.000003,-0.0709349,0.53,0.574363
178,123.5,144.5,124.7778,-10.0,-0.08172,0.127349,-0.0,-0.0,0.0,19.745006,-1.291645,35.000004,-0.197779,0.53,0.510551
57.78261,94.08696,19.3913,95.21739,-10.0,-0.06779,0.157467,-0.0,-0.0,0.0,25.914003,5.312229,35.000004,-0.0370522,0.53,0.616562
70.42424,136.9394,25.89189,137.973,-10.0,-0.138216,0.169041,0.0,-0.0,0.0,28.692701,0.434245,35.000004,0.0366608,0.53,0.490903
178.2857,81.5,147.6,80.6,-10.0,-0.097035,0.074929,0.0,-0.0,0.0,14.815397,0.011874,35.000004,-0.182685,0.53,0.61573
190.5,123,152.28,123.12,-10.0,-0.187672,0.006365,-0.0,-0.0,0.0,14.894436,-5.052199,35.000004,-0.154243,0.53,0.477249
123.9091,101.9091,85.95652,101.3913,-10.0,-0.156914,-0.014259,-0.0,-0.0,0.0,12.38489,-9.294955,35.000004,-0.102722,0.53,0.549483
157.4138,139.2759,115.4516,139.5806,-10.0,-0.149487,0.109556,-0.0,-0.0,0.0,18.328289,-11.136123,35.000004,-0.129048,0.53,0.44496
160.1579,86.8421,128.5,86.5,-10.0,-0.151073,0.013657,-0.0,-0.0,0.0,17.869814,-10.071852,35.000004,-0.157915,0.53,0.593491
65.71739,195.8261,13.14815,197.2593,-10.0,-0.115428,0.030569,-0.0,-0.0,0.0,16.428203,-6.560585,35.000004,0.0770561,0.53,0.393602
128.7895,100.3684,93,100,-10.0,-0.132476,-0.002199,-0.0,-0.0,0.0,10.732537,-7.891814,35.000004,-0.0530061,0.53,0.568958
190.5738,235.1803,135.06,236.46,-10.0,-0.133107,-0.022828,-0.0,-0.0,0.0,12.409287,-8.280767,35.000004,-0.0443239,0.53,0.314203
100.7391,116.3043,61,116.1739,-10.0,-0.132989,-0.558087,-0.0,-0.0,0.0,2.003826,-11.73736,35.000004,0.00176242,0.53,0.542258
104.1579,91.8421,70.8421,91.1579,-10.0,-0.094329,-0.059948,-0.0,-0.0,0.0,6.27759,-4.721682,35.000004,0.0329374,0.53,0.614206
247.95,104.9,217,104.7895,-10.0,0.113336,-0.367976,-0.0,-0.0,0.0,2.617778,5.042413,35.000005,-0.151722,0.53,0.587487
169,118,131.8261,118,-10.0,-0.004814,-0.095391,-0.0,-0.0,0.0,2.543406,6.189705,35.000005,0.0546589,0.53,0.522801
102.1176,88.58823,69.1579,87.8421,-10.0,-0.058217,-0.494315,-0.0,-0.0,0.0,-5.003464,0.490762,35.000005,0.211464,0.53,0.600115
229,79.5,199.4,78.6,-10.0,-0.003641,-0.187774,-0.0,-0.0,0.0,-4.369292,2.540367,35.000005,-0.0641707,0.53,0.647953
213.5,89,183.1579,88.1579,-10.0,-0.048062,-0.24854,-0.0,-0.0,0.0,-6.620706,-1.496241,35.000005,0.0275038,0.53,0.615399
318.625,81,290.6667,80.125,-10.0,-0.020667,-0.290651,-0.0,-0.0,0.0,-11.359184,0.683832,35.000005,-0.158726,0.53,0.658688
209.0714,185.8095,162.2439,187,-10.0,-0.025888,-0.257331,-0.0,-0.0,0.0,-13.344819,2.424688,35.000005,0.0233404,0.53,0.385801
276,187,232.2,188.2,-10.0,-0.024884,-0.170595,-0.0,-0.0,0.0,-7.917913,3.551857,35.000005,-0.116803,0.53,0.396997
189.0833,169.9722,144.1143,171.1143,-10.0,-0.025051,-0.056573,-0.0,-0.0,0.0,-1.086272,5.334083,35.000005,-0.0322571,0.53,0.4161
187.5,88.28571,157.5,88,-10.0,-0.002161,-0.114018,-0.0,-0.0,0.0,7.994555,11.086671,35.000005,-0.0368205,0.53,0.637341
104.76,236.38,44.21875,237.6563,-10.0,-0.009307,-0.08544,-0.0,-0.0,0.0,6.077537,11.31823,35.000005,0.0838385,0.53,0.314405
148.1429,112.8095,111.8636,112.6818,-10.0,-0.042231,-0.064228,-0.0,-0.0,0.0,4.008586,4.915805,35.000005,0.0411647,0.53,0.538007
191.2759,155.4138,148.2813,156.1875,-10.0,-0.068983,-0.296878,-0.0,-0.0,0.0,-4.268088,-2.259004,35.000005,-0.0410264,0.53,0.440686
171.5,141,129.7857,141.5,-10.0,-0.128406,-0.039167,0.0,-0.0,0.0,11.05875,-5.325188,35.000006,-0.0384099,0.53,0.467653
302.0857,143.6857,260.1714,144.2,-10.0,-0.002752,-0.101958,-0.0,-0.0,0.0,6.328205,-0.830996,35.000006,-0.18224,0.53,0.455165
160.5,96,130.4,95.4,-10.0,-0.138263,-0.191134,-0.0,-0.0,0.0,-6.892384,-8.467884,35.000006,0.107668,0.53,0.61233
204.5,87,176.2778,86.11111,-10.0,-0.072832,-0.236551,-0.0,-0.0,0.0,-10.706492,-2.585725,35.000006,-0.0574548,0.53,0.623166
169.5,92.22222,137.1111,91.72222,-10.0,-0.089113,0.147601,-0.0,-0.0,0.0,-0.327752,0.508031,35.000006,0.0854488,0.53,0.595427
152.2542,233.8136,94.84483,235.6897,-10.0,-0.047777,-0.26465,-0.0,-0.0,0.0,-6.45934,3.374637,35.000006,0.0386195,0.53,0.319808
166.3667,153.3667,125.2424,154,-10.0,-0.202007,0.061663,-0.0,-0.0,0.0,11.865654,2.274106,35.000006,0.00128508,0.53,0.444521
198.0909,133.0909,160,133.2917,-10.0,-0.010026,-0.052332,-0.0,-0.0,0.0,5.770102,6.581312,35.000006,-0.0941393,0.53,0.487917
84,84.35294,51.88235,83.41177,-10.0,-0.19119,0.030195,-0.0,-0.0,0.0,8.432757,1.432177,35.000006,0.149404,0.53,0.651539
86.11765,90.58823,52.05,89.9,-10.0,-0.099076,-0.019667,-0.0,-0.0,0.0,6.227545,4.455779,35.000006,0.121268,0.53,0.612197
91.5,80.5,60.41177,79.88235,-10.0,-0.131884,-0.034605,-0.0,-0.0,0.0,4.833192,-2.405484,35.000006,0.0899303,0.53,0.657697
279.1053,97.57895,249.25,97.25,-10.0,-0.129084,-0.036277,-0.0,-0.0,0.0,7.302451,-4.289096,35.000006,-0.204877,0.53,0.57962
110.9355,159.5806,67.77143,160.4286,-10.0,-0.065071,-0.30686,-0.0,-0.0,0.0,-2.032177,-1.039294,35.000007,0.136015,0.53,0.43234
318.5454,183.7273,274.36,185.48,-10.0,-0.113768,-0.082282,-0.0,-0.0,0.0,-4.188312,-2.083774,35.000007,-0.14123,0.53,0.39765
258.2222,90.5,228.2778,89.88889,-10.0,-0.104199,-0.147841,-0.0,-0.0,0.0,-7.950527,-1.087164,35.000007,-0.129573,0.53,0.622331
239.5,94.5,210.1579,94.1579,-10.0,-0.088519,-0.061609,-0.0,-0.0,0.0,-3.516437,3.163293,35.000007,-0.128052,0.53,0.622621
99.71154,202.4808,44.89655,204.3103,-10.0,-0.085146,0.008286,-0.0,-0.0,0.0,2.014967,7.078022,35.000007,0.129787,0.53,0.342627
221,115,188,115,-10.0,-0.063613,-0.083677,-0.0,-0.0,0.0,0.473946,10.109164,35.000007,-0.056654,0.53,0.553028
67.625,181.5833,16.2549,182.9804,-10.0,-0.070102,-0.066186,-0.0,-0.0,0.0,1.354469,10.840202,35.000007,0.177784,0.53,0.37577
199.7778,100.5,166.8421,100.1579,-10.0,-0.051041,-0.085762,-0.0,-0.0,-0.0,-7.30263,6.393703,35.000007,0.00761536,0.53,0.579926
123,110.7083,84,110.7083,-10.0,-0.073718,-0.049593,-0.0,-0.0,0.0,-1.652761,9.910228,35.000007,0.0754083,0.53,0.539412
162,133.2917,123.8462,133.6154,-10.0,-0.310626,0.097423,-0.0,-0.0,0.0,5.707757,3.362606,35.000007,-0.0354891,0.53,0.489992
170.2759,152.5862,129.5,153.5,-10.0,-0.152501,0.053054,-0.0,-0.0,0.0,13.427929,5.29631,35.000007,-0.0226429,0.53,0.449369
137.25,105.75,102,106,-10.0,-0.107709,0.00744,-0.0,-0.0,-0.0,8.659279,8.671001,35.000007,-0.0230481,0.53,0.565262
286,206,241.8947,207.7895,-10.0,-0.204212,0.115782,-0.0,-0.0,0.0,14.093759,5.174707,35.000007,-0.200468,0.53,0.36475
244.2414,161.2414,204.7778,162.2963,-10.0,-0.148725,-0.023145,-0.0,-0.0,0.0,4.885862,4.461347,35.000008,-0.158551,0.53,0.43885
230.7895,124.6316,197.25,124.75,-10.0,-0.143866,0.089827,-0.0,-0.0,0.0,9.254517,6.418246,35.000008,-0.188408,0.53,0.521054
109.1579,75.8421,76.88889,75.27778,-10.0,-0.144741,0.023802,-0.0,-0.0,0.0,11.263781,4.795848,35.000008,0.0620093,0.53,0.657104
192.9167,181.0278,148.4118,182.6765,-10.0,-0.144578,0.035984,-0.0,-0.0,-0.0,10.493873,4.255184,35.000008,-0.0880417,0.53,0.395595
235.5,91,206.5,90.5,-10.0,-0.090241,-0.436075,-0.0,-0.0,0.0,-0.046665,2.009775,35.000008,-0.145443,0.53,0.633883
153.2917,140,113.3667,140.3667,-10.0,-0.121906,0.124549,-0.0,-0.0,0.0,3.636897,5.987024,35.000008,0.0132628,0.53,0.471449
185.8889,150.4815,145.5,151.2143,-10.0,-0.178001,-0.010405,-0.0,-0.0,0.0,4.730552,1.370365,35.000008,-0.0605524,0.53,0.455168
42.75758,132.5758,0.8666667,132.6667,-10.0,-0.084016,0.117594,-0.0,-0.0,0.0,9.580343,6.394668,35.000008,0.133613,0.53,0.492004
240.3667,163.6333,198.5,164.5,-10.0,-0.142999,0.119012,-0.0,-0.0,-0.0,13.029089,-0.91619,35.000008,-0.10531,0.53,0.427696
247.7778,106.5,215.8824,106.5882,-10.0,-0.123369,-0.054776,-0.0,-0.0,-0.0,-0.624839,0.30873,35.000008,-0.201415,0.53,0.571777
244.931,160.6897,205.1111,161.5185,-10.0,-0.104388,0.144272,-0.0,-0.0,-0.0,7.027217,3.535768,35.000008,-0.213771,0.53,0.414646
149.5,156.3333,106,157.3438,-10.0,-0.14484,0.122867,-0.0,-0.0,-0.0,15.20155,0.820109,35.000008,-0.0907052,0.53,0.430923
107.3684,166.9211,59.19048,168.2619,-10.0,-0.13489,-0.074781,0.0,-0.0,-0.0,9.194148,-0.00781,35.000009,0.0343601,0.53,0.422349
168.1111,105.2778,134.25,105.25,-10.0,-0.085247,0.081173,-0.0,-0.0,-0.0,13.460235,4.915102,35.000009,-0.0968318,0.53,0.560858
267.5,125,229.3214,125.3214,-10.0,-0.172393,-0.002576,0.0,-0.0,-0.0,12.869693,0.699648,35.000009,-0.198576,0.53,0.483273
75.67924,225.4151,18.82258,228.0968,-10.0,-0.160375,-0.537061,-0.0,-0.0,-0.0,1.991512,-5.04102,35.000009,0.154004,0.53,0.331433
222.2683,186.9024,174.2439,188,-10.0,-0.134944,-0.249573,0.0,-0.0,-0.0,-8.759604,0.175374,35.000009,-0.0182935,0.53,0.386099
297,102.3214,262.5926,101.5556,-10.0,-0.088294,-0.411259,0.0,-0.0,0.0,-14.604873,0.460833,35.000009,-0.0570596,0.53,0.582378
220.1579,95.1579,187.7895,94.63158,-10.0,-0.109626,-0.267528,0.0,-0.0,0.0,-20.34204,0.229708,35.000009,0.0580568,0.53,0.590249
129.7143,82.5,97.6,81.6,-10.0,-0.110403,-0.035993,0.0,-0.0,-0.0,-14.347107,3.120145,35.000009,0.181916,0.53,0.627436
145.5,187,96.4,188.4,-10.0,-0.110278,-0.072366,0.0,-0.0,0.0,-6.463421,1.953882,35.000009,0.0823371,0.53,0.377213
299.8723,182.1702,252.8864,183.2045,-10.0,-0.110301,-0.143996,0.0,-0.0,0.0,-3.055183,3.639357,35.000009,-0.110903,0.53,0.404918
252.9783,208.3478,203.9111,210.2889,-10.0,-0.110298,-0.059624,-0.0,-0.0,0.0,-2.423239,2.840322,35.000009,-0.108521,0.53,0.360142
201.5,78.71429,171.6875,78.125,-10.0,-0.108029,-0.009565,-0.0,-0.0,0.0,4.943292,6.50875,35.000009,-0.0623964,0.53,0.65468
214.5,95.22222,181.5,94.77778,-10.0,-0.134016,-0.23259,-0.0,-0.0,0.0,0.570123,2.247878,35.000009,-0.0325259,0.53,0.592562
290,108.5,255,108,-10.0,-0.148731,-0.306763,-0.0,-0.0,0.0,-6.444752,-2.231153,35.00001,-0.112027,0.53,0.547363
271.46,198.84,221.451,200.2157,-10.0,-0.026134,-0.246464,-0.0,-0.0,0.0,-18.744091,0.155076,35.00001,-0.042186,0.53,0.37537
209.2143,139.5,167.7241,139.5862,-10.0,-0.120376,-0.028617,-0.0,-0.0,0.0,-3.409161,-3.999208,35.00001,-0.111452,0.53,0.457671
173.9362,206.2979,122.0213,207.8298,-10.0,-0.137871,0.151696,-0.0,-0.0,0.0,6.384221,-5.63927,35.00001,-0.0422862,0.53,0.352755
298.0606,137.5758,261.7419,138.3548,-10.0,-0.134661,-0.098552,-0.0,-0.0,0.0,7.726291,-4.527507,35.00001,-0.203256,0.53,0.469836
259.3684,94.47369,228.7222,93.88889,-10.0,-0.072084,-0.369915,-0.0,-0.0,0.0,-1.483263,-1.607114,35.00001,-0.157921,0.53,0.598842
177.1786,150.6071,134.8,151.3333,-10.0,-0.119595,-0.107989,-0.0,-0.0,0.0,-1.788476,0.553232,35.00001,0.0392031,0.53,0.448356
204.1731,222.5577,149.6792,224.3585,-10.0,-0.111224,-0.192477,-0.0,-0.0,0.0,-5.247686,-1.009253,35.00001,0.0481032,0.53,0.333651
259.95,92.1,232.7895,91.36842,-10.0,-0.112596,-0.355395,-0.0,-0.0,0.0,-12.799051,0.063357,35.00001,-0.129298,0.53,0.617536
155.5,157.5,111.5,158.5,-10.0,-0.112409,0.446935,-0.0,-0.0,0.0,-2.779138,3.49686,35.00001,0.0499384,0.53,0.430725
84.43478,195.2174,33.60784,196.7843,-10.0,-0.112445,-0.171072,-0.0,-0.0,0.0,0.594241,4.932222,35.00001,0.163506,0.53,0.359942
166.5,145.7857,123.7241,146.5862,-10.0,-0.112439,-0.13622,-0.0,-0.0,0.0,-3.469376,2.435275,35.00001,0.010799,0.53,0.45816
238.1818,154.8182,196.8438,155.5938,-10.0,-0.11244,0.204417,-0.0,-0.0,0.0,4.639034,5.374458,35.00001,-0.0610461,0.53,0.446917
316.4889,206.4,267.5454,208.5636,-10.0,-0.11244,-0.400364,-0.0,-0.0,0.0,-3.811646,3.52195,35.00001,-0.152053,0.53,0.359511
268.125,114.1667,234.3913,114.2174,-10.0,-0.178728,-0.057549,-0.0,-0.0,0.0,-3.802453,-1.223608,35.00001,-0.104195,0.53,0.547051
248.6531,203.3469,199.8445,205.0444,-10.0,-0.035083,-0.117066,-0.0,-0.0,0.0,-6.59558,3.361592,35.00001,-0.0661497,0.53,0.366838
137.3684,163.9211,89.92857,164.8095,-10.0,-0.007648,-0.19892,0.0,-0.0,0.0,-8.545336,8.841911,35.000011,0.148548,0.53,0.387803
215.6,91.6,185.1176,91.41177,-10.0,-0.091389,-0.095989,0.0,-0.0,0.0,-7.329072,11.83533,35.000011,-0.0108541,0.53,0.621961
92.55556,180.9333,39.90196,182.6667,-10.0,-0.076468,0.109463,0.0,-0.0,0.0,-0.580685,14.389221,35.000011,0.132522,0.53,0.37841
178.5,132,139.7083,132,-10.0,-0.307532,-0.066814,0.0,-0.0,0.0,2.309948,7.455634,35.000011,0.0169069,0.53,0.488886
110.5814,185.0233,61.42553,186.0426,-10.0,-0.166538,-0.090943,0.0,-0.0,0.0,-0.539944,3.589953,35.000011,0.157359,0.53,0.361033
117.6,132.96,76.5862,133.2759,-10.0,-0.15296,-0.078185,-0.0,-0.0,0.0,-5.954371,6.039291,35.000011,0.219345,0.53,0.439829
165,213.75,111.3889,215.6111,-10.0,-0.113659,-0.196186,-0.0,-0.0,0.0,-11.809043,8.167463,35.000011,0.0974029,0.53,0.332441
265.9524,98.19048,233.4286,97.90476,-10.0,-0.141252,-0.10718,-0.0,-0.0,0.0,-10.316932,5.306093,35.000011,-0.036235,0.53,0.596767
173.5,77,143.5,76,-10.0,-0.135172,-0.122305,-0.0,-0.0,0.0,-12.106598,6.970291,35.000011,0.103487,0.53,0.636275
144.375,74.75,112.5333,73.86667,-10.0,-0.136246,0.117999,-0.0,-0.0,0.0,-4.640917,9.978591,35.000011,0.21585,0.53,0.622367
193.7568,171.2432,147.2432,172.2432,-10.0,-0.136053,-0.315739,-0.0,-0.0,0.0,-11.132184,7.569129,35.000011,0.0641468,0.53,0.400229
164.7647,80.23529,133.5,79,-10.0,-0.136084,-0.107786,-0.0,-0.0,0.0,-8.203985,9.068198,35.000011,0.184031,0.53,0.615807
128.1087,211.3696,76.24,212.76,-10.0,-0.136079,-0.155573,-0.0,-0.0,0.0,-14.80198,3.62494,35.000011,0.173019,0.53,0.317784
107.6897,234.1035,52.54099,235.6721,-10.0,-0.136079,-0.182786,-0.0,-0.0,0.0,-18.929611,6.96483,35.000011,0.154403,0.53,0.298759
210.95,102.9,176.7895,102.3684,-10.0,-0.189176,0.28887,-0.0,-0.0,0.0,-7.96448,4.468412,35.000011,-0.0728014,0.53,0.57562
128.5,133.7857,86.5862,134.2759,-10.0,-0.234389,-0.081329,-0.0,-0.0,0.0,9.504539,-0.580787,35.000011,0.0457438,0.53,0.483841
210.2857,87.5,180.7647,86.76471,-10.0,-0.094879,-0.116913,-0.0,-0.0,0.0,7.257123,4.408396,35.000012,-0.14277,0.53,0.626501
99.19231,133.1923,57.5,133.5,-10.0,-0.175841,-0.109801,-0.0,-0.0,0.0,6.815651,1.562448,35.000012,0.157428,0.53,0.471916
70.41509,197.6792,16.9661,199.1356,-10.0,-0.121444,-0.328671,-0.0,-0.0,0.0,-1.305429,4.04606,35.000012,0.137115,0.53,0.36012
84.5,101.5,45.69231,101.1154,-10.0,-0.147622,0.011564,-0.0,-0.0,0.0,4.884724,6.449175,35.000012,0.209339,0.53,0.526141
278.8438,161.375,240.0968,162.3226,-10.0,-0.110628,-0.190618,-0.0,-0.0,0.0,0.031597,9.214317,35.000012,-0.145,0.53,0.455404
255.5,142,220.4,142.44,-10.0,-0.128478,-0.124059,-0.0,-0.0,0.0,0.63065,9.15084,35.000012,-0.146647,0.53,0.497254
99,94,61.29167,94,-10.0,-0.124964,-0.110405,-0.0,-0.0,0.0,4.235622,9.904366,35.000012,0.105427,0.53,0.575358
71.6,159.8222,22.40816,160.6939,-10.0,-0.125551,0.097736,-0.0,-0.0,0.0,11.519174,12.393598,35.000012,0.17575,0.53,0.395332
172.6154,98.61539,143.2857,99.5,-10.0,-0.169161,0.056321,-0.0,-0.0,0.0,10.371188,12.530819,35.000012,-0.104003,0.53,0.635327
166.5,175.5,123.1714,178,-10.0,-0.130831,0.118605,-0.0,-0.0,0.0,17.353994,15.321386,35.000012,-0.0738239,0.53,0.412368
244.0213,223.4255,196.8222,226.4,-10.0,-0.233527,-0.009023,0.0,-0.0,0.0,18.024308,9.836507,35.000012,-0.172609,0.53,0.32257
193.7895,133.3684,159.2,134.5,-10.0,-0.212655,0.014854,-0.0,-0.0,0.0,16.509745,5.063628,35.000012,-0.175839,0.53,0.49558
175.1364,131.6818,138.9091,132.9091,-10.0,-0.187143,0.016064,-0.0,-0.0,-0.0,19.508664,5.659039,35.000012,-0.183464,0.53,0.47746
119.1395,194,67.76,196.24,-10.0,-0.362352,0.015859,-0.0,-0.0,0.0,23.05393,-0.435164,35.000012,-0.0474147,0.53,0.377597
149.8261,132,111.4,132.96,-10.0,-0.238021,0.015888,-0.0,-0.0,0.0,21.03417,-1.929178,35.000012,-0.10082,0.53,0.494435
197.5333,88.13333,169,87.5,-10.0,-0.165585,0.015883,-0.0,-0.0,0.0,20.140724,3.454669,35.000012,-0.125309,0.53,0.642301
138.1087,199.3696,86.58334,200.875,-10.0,-0.176401,-0.458414,-0.0,-0.0,0.0,9.33173,6.269289,35.000012,0.0140679,0.53,0.368184
103.5758,167.4242,57.48649,168.3243,-10.0,-0.373839,-0.145168,-0.0,-0.0,0.0,12.266449,-2.821813,35.000013,0.0786763,0.53,0.426542
215.4773,185.6364,167.1163,186.8837,-10.0,-0.31572,0.24186,-0.0,-0.0,-0.0,11.274635,-7.07545,35.000013,-0.155139,0.53,0.353296
191.96,125.6,155.8261,126,-10.0,-0.291696,-0.047678,-0.0,-0.0,0.0,14.383995,-8.443658,35.000013,-0.103488,0.53,0.494844
145,105,109.1429,104.8095,-10.0,-0.172158,-0.175886,-0.0,-0.0,0.0,0.166619,1.275913,35.000013,0.0509229,0.53,0.557894
257.4,128.04,221,128.2917,-10.0,-0.216979,-0.064893,-0.0,-0.0,0.0,3.261733,3.794825,35.000013,-0.175374,0.53,0.490797
55.95,82.1,21.10526,81.42105,-10.0,-0.301756,-0.091057,-0.0,-0.0,0.0,3.233993,-1.933163,35.000013,0.17273,0.53,0.637323
123,152.3438,78.47059,152.8529,-10.0,-0.225809,0.013462,-0.0,-0.0,0.0,8.459138,0.305817,35.000013,0.0591296,0.53,0.44325
278.9143,168.5429,237.7714,169.5714,-10.0,-0.177906,-0.071477,-0.0,-0.0,0.0,6.504525,4.866833,35.000013,-0.188301,0.53,0.414854
165.5,95.5,133,95,-10.0,-0.237733,-0.056348,-0.0,-0.0,0.0,5.005891,1.660428,35.000013,0.0037203,0.53,0.591899
98.09091,123.9091,61.76923,123.6923,-10.0,-0.241649,-0.143233,-0.0,-0.0,0.0,0.636403,-2.180054,35.000013,0.0610075,0.53,0.521387
66.10345,131.5172,23.63333,131.9,-10.0,-0.310337,0.13379,-0.0,-0.0,0.0,7.821771,-5.347893,35.000013,0.101238,0.53,0.507037
167.1333,84.53333,137.5,84,-10.0,-0.257269,-0.047102,-0.0,-0.0,0.0,9.829181,-3.886508,35.000013,-0.031969,0.53,0.631643
232.25,92.375,201.5882,91.88235,-10.0,-0.14537,-0.046853,-0.0,-0.0,-0.0,5.017972,1.694798,35.000013,-0.0754863,0.53,0.615053
266.5926,124.0741,229.4,124.04,-10.0,-0.174444,-0.289035,-0.0,-0.0,0.0,-3.426144,4.822457,35.000013,-0.0581315,0.53,0.52466
161.5,167.5,116.6857,168.3143,-10.0,-0.157068,-0.142667,-0.0,-0.0,-0.0,-10.383571,9.675041,35.000013,0.0785164,0.53,0.406239
251.8649,185.7027,206.3158,186.8158,-10.0,-0.247292,-0.056726,-0.0,-0.0,0.0,-4.104453,6.238927,35.000014,-0.118146,0.53,0.395355
208.04,133.4,170.6538,133.6538,-10.0,-0.195456,0.217384,-0.0,-0.0,-0.0,5.008624,6.008841,35.000014,-0.100401,0.53,0.491375
124.5,100.8,88.14286,100.8095,-10.0,-0.214923,-0.059981,-0.0,-0.0,0.0,7.320049,3.383198,35.000014,0.0759195,0.53,0.565162
143.5,156.5,100.4242,157.5758,-10.0,-0.197385,-0.012308,-0.0,-0.0,0.0,6.017156,5.991996,35.000014,0.00868489,0.53,0.439395
114.04,110.4,77,110.5,-10.0,-0.200168,0.064574,-0.0,-0.0,0.0,15.894389,9.994139,35.000014,0.103901,0.53,0.526117
136.3214,143.6786,92.63333,144.6333,-10.0,-0.200299,-0.352645,-0.0,-0.0,0.0,5.685302,10.274582,35.000014,-0.0162284,0.53,0.466433
137.8824,84.41177,107.5,83.5,-10.0,-0.259598,-0.252337,-0.0,-0.0,0.0,5.848407,2.634698,35.000014,0.125707,0.53,0.618655
290.0909,117.9091,258.0909,117.9091,-10.0,-0.289276,-0.272439,0.0,-0.0,0.0,-3.559142,3.40766,35.000014,-0.181258,0.53,0.565814
115.7547,208.3019,60.08197,210.082,-10.0,-0.239738,-0.04722,-0.0,-0.0,0.0,-1.56049,7.989384,35.000014,0.101511,0.53,0.339819
254.2564,182.7436,210.2973,184.1351,-10.0,-0.268388,-0.041626,-0.0,-0.0,0.0,2.172088,10.687137,35.000014,-0.101256,0.53,0.402787
117.8529,155.3824,72,156.5,-10.0,-0.327042,-0.066037,-0.0,-0.0,0.0,1.320852,6.584537,35.000014,0.0649263,0.53,0.434259
207,119.8261,170.619,119.7619,-10.0,-0.279374,0.186374,-0.0,-0.0,0.0,8.77075,8.628022,35.000014,-0.0410277,0.53,0.528843
278.6415,223.3585,229.3208,225.4151,-10.0,-0.33767,-0.051478,-0.0,-0.0,0.0,3.417149,1.849593,35.000014,-0.160565,0.53,0.330382
274,194,228.4651,195.4186,-10.0,-0.287015,-0.023601,-0.0,-0.0,0.0,8.637165,5.71613,35.000014,-0.143778,0.53,0.378812
162.95,108.1,126,108,-10.0,-0.292784,-0.172997,-0.0,-0.0,0.0,2.877266,3.417332,35.000014,-0.0644891,0.53,0.548938
196.5,106.7778,162.7895,106.6316,-10.0,-0.439012,0.103878,-0.0,-0.0,0.0,10.124899,-1.62837,35.000015,-0.0696146,0.53,0.560354
227,132,192.1429,132.8095,-10.0,-0.274276,-0.032114,-0.0,-0.0,0.0,2.337931,6.140199,35.000015,-0.161331,0.53,0.514661
196,119,160,119,-10.0,-0.304468,0.289699,-0.0,-0.0,0.0,11.742966,8.862921,35.000015,-0.0448966,0.53,0.53428
231.3667,166.6333,190.0645,167.5806,-10.0,-0.299072,-0.329325,-0.0,-0.0,0.0,4.764139,8.960484,35.000015,-0.128178,0.53,0.421299
160.1111,93.72222,128.2222,93.5,-10.0,-0.441517,-0.073011,-0.0,-0.0,0.0,8.052181,3.324135,35.000015,-0.0460739,0.53,0.60495
195.7222,93.11111,164.5,92.5,-10.0,-0.354255,-0.104723,-0.0,-0.0,0.0,13.701842,2.682323,35.000015,-0.101964,0.53,0.600123
163.7143,81.5,132.7647,80.76471,-10.0,-0.351244,-0.186682,-0.0,-0.0,0.0,0.595321,-1.568941,35.000015,-0.0593672,0.53,0.63402
299.8611,150.6111,259.6389,151.0833,-10.0,-0.439971,-0.150397,-0.0,-0.0,0.0,5.514178,-5.55748,35.000015,-0.195713,0.53,0.443211
146.1111,103.7222,112.75,103.25,-10.0,-0.388665,-0.212127,-0.0,-0.0,0.0,1.960593,-4.096199,35.000015,0.0785609,0.53,0.566483
192.7636,228.8545,137.3103,231.1379,-10.0,-0.291484,-0.288961,-0.0,-0.0,0.0,-2.785436,-0.433775,35.000015,-0.0420388,0.53,0.326838
223.5,93.71429,195,93.5,-10.0,-0.353098,0.185773,-0.0,-0.0,0.0,7.272832,2.351042,35.000015,-0.175294,0.53,0.62774
263.4468,204.5532,216.5682,206.1591,-10.0,-0.328214,-0.328998,-0.0,-0.0,0.0,1.915428,4.248616,35.000015,-0.104989,0.53,0.372079
225.3208,229.4151,172.6863,231.5686,-10.0,-0.276191,-0.15891,-0.0,-0.0,0.0,1.47502,8.216509,35.000015,-0.0752849,0.53,0.330965
125.5405,176.0811,80.17073,177.3902,-10.0,-0.309929,-0.120615,-0.0,-0.0,0.0,6.856708,7.479168,35.000015,-0.0011674,0.53,0.407181
237.5532,225.4468,189.8913,228.3696,-10.0,-0.311358,0.065508,-0.0,-0.0,0.0,15.295466,5.871902,35.000015,-0.128971,0.53,0.334385
125.0909,186.3636,75.02174,188.3478,-10.0,-0.28767,-0.10956,-0.0,-0.0,0.0,11.918482,8.893632,35.000016,0.0411831,0.53,0.384751
95.38889,202.6111,40.5,204.5,-10.0,-0.295574,-0.082445,-0.0,-0.0,0.0,12.356589,10.64003,35.000016,0.0840758,0.53,0.358527
198.6111,183.8611,154.3333,185.7778,-10.0,-0.295918,-0.133802,-0.0,-0.0,0.0,8.346969,8.29215,35.000016,-0.0954649,0.53,0.388976
90.54839,150.5806,46.67647,151.4118,-10.0,-0.314849,-0.565885,-0.0,-0.0,0.0,1.590773,1.096734,35.000016,0.132475,0.53,0.450839
118.4194,155.0645,75,155.7353,-10.0,-0.323052,-0.1889,-0.0,-0.0,0.0,1.419241,-0.766269,35.000016,0.112169,0.53,0.439959
142.4118,98.11765,109.1579,97.8421,-10.0,-0.321729,-0.318636,-0.0,-0.0,0.0,-2.620841,-1.103673,35.000016,0.0735165,0.53,0.59307
171.3462,130.6538,132.6154,130.8462,-10.0,-0.383374,-0.252957,-0.0,-0.0,0.0,-2.815546,-4.93936,35.000016,-0.01231,0.53,0.492516
242.625,101.5417,208.0909,101.0909,-10.0,-0.3358,-0.259607,-0.0,-0.0,0.0,-0.118557,-6.686609,35.000016,-0.164199,0.53,0.541105
161.8889,95.72222,129.1579,95.1579,-10.0,-0.343293,-0.258896,-0.0,-0.0,0.0,0.027487,-8.422215,35.000016,-0.0424813,0.53,0.587892
193.6,80.6,164.5,80,-10.0,-0.25929,0.02289,-0.0,-0.0,0.0,6.216266,-3.087331,35.000016,-0.139493,0.53,0.633402
146.0909,126.0909,106.8077,126.1923,-10.0,-0.361458,-0.177948,0.0,-0.0,0.0,8.594864,-6.715751,35.000016,-0.0424802,0.53,0.498408
145.2857,83.5,114.7143,82.5,-10.0,-0.363971,-0.184486,-0.0,-0.0,0.0,7.45061,-10.47891,35.000016,0.00605492,0.53,0.651803
140.6538,128.6538,99.5862,128.7241,-10.0,-0.354995,-0.545342,-0.0,-0.0,0.0,-1.536351,-14.099862,35.000016,-0.0372187,0.53,0.494197
157,116,120,115.5,-10.0,-0.356645,0.043642,-0.0,-0.0,0.0,7.35847,-13.644333,35.000016,-0.00921773,0.53,0.537818
75.27778,120.8889,40.85714,120.8095,-10.0,-0.356372,-0.650731,-0.0,-0.0,0.0,-2.618729,-15.476027,35.000016,0.176451,0.53,0.571967
217.4167,197.625,169,199.087,-10.0,-0.345556,-0.274074,-0.0,-0.0,0.0,-1.974002,-12.281023,35.000016,-0.0217132,0.53,0.368719
254.619,93.7619,221,93,-10.0,-0.065984,-0.349689,-0.0,-0.0,0.0,-6.407736,-4.48677,35.000016,-0.0593903,0.53,0.597833
164.4222,200.3333,117,201.913,-10.0,-0.295961,-0.495026,-0.0,-0.0,0.0,-12.960761,-4.019023,35.000017,0.0421238,0.53,0.364901
220.7895,166.8947,176.1667,167.5,-10.0,-0.213906,-0.376351,-0.0,-0.0,0.0,-20.174974,3.296638,35.000017,0.0839481,0.53,0.409989
236.5,125,198.7083,125,-10.0,-0.214368,-0.410116,-0.0,-0.0,0.0,-18.141039,6.239871,35.000017,0.0521699,0.53,0.504635
282.4138,122.7241,243.5862,122.2759,-10.0,-0.214366,-0.381282,-0.0,-0.0,0.0,-16.18296,6.524892,35.000017,0.0189671,0.53,0.524595
139,96,106.3529,95.47059,-10.0,-0.214366,-0.360153,-0.0,-0.0,0.0,-16.629366,8.060593,35.000017,0.170739,0.53,0.563412
211.6,80.6,182.2778,79.88889,-10.0,-0.2581,-0.09591,-0.0,-0.0,0.0,-7.574429,5.596086,35.000017,0.00809246,0.53,0.647836
295.1176,89.41177,266.8421,88.8421,-10.0,-0.228127,-0.340283,-0.0,-0.0,0.0,-5.84374,6.666004,35.000017,-0.201988,0.53,0.649149
99.88889,237.2222,42.13636,238.1364,-10.0,-0.232354,-0.305854,-0.0,-0.0,0.0,-2.611484,5.407739,35.000017,0.0957398,0.53,0.315556
166.9091,114.0909,130.9091,114.0909,-10.0,-0.313111,-0.244214,-0.0,-0.0,0.0,2.226345,1.634302,35.000017,0.039104,0.53,0.534245
227.7826,127.913,191.8261,128,-10.0,-0.247368,-0.385107,-0.0,-0.0,0.0,-2.459597,0.465798,35.000017,-0.118628,0.53,0.505291
138.4286,180.2286,90.825,181.7,-10.0,-0.258577,-0.04069,-0.0,-0.0,0.0,4.575592,2.774086,35.000017,0.0687443,0.53,0.394691
276.1282,179.1282,233.2222,180.3333,-10.0,-0.25777,-0.441535,-0.0,-0.0,0.0,-1.367269,-0.906477,35.000017,-0.187842,0.53,0.388667
197.2174,119.087,159.7826,119.087,-10.0,-0.257844,0.093932,-0.0,-0.0,0.0,6.934845,0.326799,35.000018,-0.0372299,0.53,0.519576
149.5,152.5,106.5938,153.1563,-10.0,-0.257835,-0.998395,-0.0,-0.0,0.0,-2.668271,-3.273429,35.000018,0.0633562,0.53,0.442729
42.13889,153.6111,0.7857143,153.7857,-10.0,-0.242805,-0.551903,-0.0,-0.0,0.0,-5.587576,2.902011,35.000018,0.185332,0.53,0.453762
101.2222,97.5,68.05,96.9,-10.0,-0.362734,-0.263885,-0.0,-0.0,0.0,3.787744,-1.983859,35.000018,0.201548,0.53,0.566593
124.5,92.77778,90.25,92.25,-10.0,-0.092576,-0.686576,-0.0,-0.0,0.0,-4.306973,3.092698,35.000018,0.135306,0.53,0.578561
177.0909,125.0909,138.6,125.04,-10.0,-0.239082,-0.410234,-0.0,-0.0,0.0,-0.333912,6.392212,35.000018,0.0767364,0.53,0.501734
142.4286,189.7714,97.1282,190.8718,-10.0,-0.221517,-0.856171,-0.0,-0.0,0.0,-9.405067,1.638694,35.000018,0.148437,0.53,0.371144
207.625,89.25,177,88.5,-10.0,-0.253108,-0.682315,-0.0,-0.0,0.0,-15.721672,-2.661276,35.000018,0.0712226,0.53,0.618449
236.4,77.4,205.5,76.5,-10.0,-0.241122,-0.55179,-0.0,-0.0,0.0,-15.55084,-1.329397,35.000018,-0.0741983,0.53,0.656185
242,110,207.0435,109.6087,-10.0,-0.243068,-0.242927,-0.0,-0.0,0.0,-7.156994,-1.910635,35.000018,-0.0244612,0.53,0.551264
161.7273,207.5,111.8511,209.1915,-10.0,-0.242705,-0.785298,-0.0,-0.0,0.0,-14.700372,-5.664086,35.000018,0.0851666,0.53,0.351487
181.1707,195.4146,132.2093,196.8372,-10.0,-0.242775,-0.430088,-0.0,-0.0,0.0,-10.066062,-2.084997,35.000018,0.0629128,0.53,0.368339
163.5333,71.86667,134.5,71,-10.0,-0.174136,-0.529792,-0.0,-0.0,0.0,-12.254534,4.490659,35.000018,0.198985,0.53,0.64299
302.6087,100.2174,268.5,99.27273,-10.0,-0.226055,-0.53363,-0.0,-0.0,0.0,-13.79088,6.878706,35.000018,-0.218596,0.53,0.586549
282.3333,125.125,248,125.1739,-10.0,-0.50221,-0.100849,-0.0,-0.0,0.0,-3.169937,0.555009,35.000018,-0.214344,0.53,0.513546
145.6491,223.0702,90.33898,225.0847,-10.0,-0.360311,-0.361516,-0.0,-0.0,0.0,2.564022,-2.789792,35.000018,-0.00449058,0.53,0.336829
103.1579,94.8421,67.5,94.27273,-10.0,-0.315083,-0.311742,-0.0,-0.0,0.0,9.001919,-1.023521,35.000019,0.0391472,0.53,0.595984
236.5,95.5,206.2353,94.76471,-10.0,-0.313532,-0.268333,-0.0,-0.0,0.0,11.517976,-0.350287,35.000019,-0.185154,0.53,0.610695
280.4255,218.0213,233.3617,220.0638,-10.0,-0.236508,-0.345577,-0.0,-0.0,0.0,6.08573,3.673615,35.000019,-0.180892,0.53,0.338011
139.3333,97.33334,105,97,-10.0,-0.299459,-0.289676,-0.0,-0.0,0.0,8.634909,4.291676,35.000019,0.00412081,0.53,0.586098
232.25,123.25,199.7778,123.5,-10.0,-0.287944,-0.299851,-0.0,-0.0,0.0,8.945771,3.014898,35.000019,-0.207893,0.53,0.517087
142.96,128.6,103.7037,128.7778,-10.0,-0.290158,-0.283315,-0.0,-0.0,0.0,12.175021,3.113629,35.000019,-0.0148365,0.53,0.498302
