-0.101822,-0.0289237964205,0.0728982035795
0.1654,-0.0245867324359,-0.189986732436
0.219329,0.0586337739278,-0.160695226072
-0.113236,-0.0289411069292,0.0842948930708
0.114079,0.0656252964897,-0.0484537035103
0.0581933,-0.0199219935317,-0.0781152935317
-0.139187,-0.0283739397991,0.110813060201
-0.0540775,-0.0246499975741,0.0294275024259
-0.0498464,0.0185161823754,0.0683625823754
-0.0507813,-0.027142965559,0.023638334441
-0.121542,-0.0288978389404,0.0926441610596
0.0314289,-0.028686239047,-0.060115139047
0.196417,-0.0271200571362,-0.223537057136
-0.178524,-0.028793628239,0.149730371761
0.125715,-0.0278414252667,-0.153556425267
0.000921824,-0.0268407214636,-0.0277625454636
-0.0773034,-0.0282346634388,0.0490687365612
0.178301,0.0671689230106,-0.111132076989
0.188435,0.067727435718,-0.120707564282
-0.105697,0.0202912516412,0.125988251641
0.17286,0.0672354208251,-0.105624579175
0.0568593,-0.0285901269229,-0.0854494269229
0.20981,0.0669993595605,-0.14281064044
0.193338,0.0682722388503,-0.12506576115
0.194179,0.0686793232665,-0.125499676733
0.183127,-0.0282506017896,-0.21137760179
0.0995925,-0.0289461543512,-0.128538654351
0.0489401,-0.027886365945,-0.076826465945
-0.0243555,-0.0286337977877,-0.00427829778774
-0.0204047,-0.0152720109623,0.00513268903774
-0.0585795,-0.0288812339744,0.0296982660256
0.0985667,-0.0288493724304,-0.12741607243
-0.0989818,-0.0289074543217,0.0700743456783
0.0831789,-0.027039146358,-0.110218046358
-0.0478308,-0.0234952951612,0.0243355048388
0.215445,0.067095839935,-0.148349160065
0.188442,-0.0278275141725,-0.216269514173
0.0417755,-0.0286779088186,-0.0704534088186
0.000442567,-0.0261809275489,-0.0266234945489
-0.101068,-0.0279555096627,0.0731124903373
-0.150312,-0.0280299931516,0.122282006848
0.0456189,0.0689959994563,0.0233770994563
-0.0158929,-0.0156912189945,0.000201681005535
-0.143189,-0.0289155410861,0.114273458914
-0.0503972,-0.0278364147771,0.0225607852229
0.113384,0.0662573366368,-0.0471266633632
-0.13283,-0.0285783498653,0.104251650135
0.0875701,0.0209696481096,-0.0666004518904
0.17193,0.010629827165,-0.161300172835
0.180502,-0.013279303935,-0.193781303935
0.0315107,-0.0258931538396,-0.0574038538396
-0.181454,-0.0288351862549,0.152618813745
-0.0997204,-0.0285611351933,0.0711592648067
0.13351,-0.0249491964215,-0.158459196421
0.00629483,0.066904693167,0.060609863167
-0.00863755,-0.028743538589,-0.020105988589
0.16993,-0.0147541287559,-0.184684128756
0.190788,0.0634170205863,-0.127370979414
0.0305686,0.0667816877685,0.0362130877685
-0.055187,0.0669191200579,0.122106120058
-0.0813508,-0.00578412817091,0.0755666718291
-0.00490738,-0.02570825904,-0.02080087904
-0.157089,-0.0167189464557,0.140370053544
0.0915289,-0.0221155165703,-0.11364441657
-0.0407857,-0.00610967147619,0.0346760285238
0.0670538,0.0662335373037,-0.000820262696268
0.153048,0.0645273263298,-0.0885206736702
-0.162235,-0.0288982758765,0.133336724123
-0.0242816,-0.0277558829187,-0.00347428291871
0.0840177,0.0660084380247,-0.0180092619753
-0.153129,-0.0276492404414,0.125479759559
-0.0213252,-0.028261251681,-0.00693605168103
0.0203688,-0.0288578697435,-0.0492266697435
-0.0125188,-0.025608587014,-0.013089787014
-0.0406797,-0.023216657199,0.017463042801
-0.174065,-0.0286336000187,0.145431399981
-0.0443916,0.0671926408689,0.111584240869
-0.0651611,0.0674572645441,0.132618364544
-0.0296697,0.0459820794444,0.0756517794444
0.0670555,0.0670619292391,6.42923908886e-06
-0.0356162,-0.0287012192239,0.00691498077609
-0.0509001,-0.0279378569383,0.0229622430617
-0.114196,-0.0288300673482,0.0853659326518
0.149236,-0.0182731641008,-0.167509164101
0.0818649,0.0669432914249,-0.0149216085751
-0.0759217,-0.0287919532381,0.0471297467619
0.102083,0.0682040517552,-0.0338789482448
0.16578,0.0674429401571,-0.0983370598429
0.110288,0.000469169886272,-0.109818830114
-0.0321157,0.0669943644842,0.0991100644842
0.0817415,-0.0227950691669,-0.104536569167
0.197,0.0170614499312,-0.179938550069
0.0845826,-0.0233432693976,-0.107925869398
-0.122322,-0.027245372285,0.095076627715
0.198337,-0.0285925682408,-0.226929568241
0.138752,-0.00445915311568,-0.143211153116
-0.0146847,-0.0284738127256,-0.0137891127256
0.158966,0.0669508874178,-0.0920151125822
-0.110803,-0.00730120513161,0.103501794868
-0.0611478,0.0585449558346,0.119692755835
0.0724299,-0.00316858861303,-0.075598488613
0.143503,0.067061746874,-0.076441253126
-0.0697673,-0.0252969590524,0.0444703409476
-0.0183696,-0.027405497065,-0.00903589706504
0.171336,0.0322463458898,-0.13908965411
0.217606,-0.0230384363625,-0.240644436362
0.161663,0.0664288318065,-0.0952341681935
-0.00902242,-0.0182458117145,-0.00922339171454
0.184329,-0.0285084236513,-0.212837423651
-0.179781,-0.0270810575008,0.152699942499
-0.0328398,0.0667935773722,0.0996333773722
-0.0668875,-0.0263978693854,0.0404896306146
-0.194693,-0.0230069151155,0.171686084885
-0.12265,0.0506107894703,0.17326078947
0.101348,0.0676342103092,-0.0337137896908
0.0589657,-0.0192907428903,-0.0782564428903
0.0754095,0.0158598710888,-0.0595496289112
-0.214066,-0.0289318836735,0.185134116326
-0.100837,-0.0288849447465,0.0719520552535
-0.0191578,0.0662597440907,0.0854175440907
-0.0880082,-0.0285001087408,0.0595080912592
0.096889,0.0671796040938,-0.0297093959062
-0.121826,-0.0284715686512,0.0933544313488
0.0327381,0.0669583931091,0.0342202931091
-0.210431,-0.0234574275077,0.186973572492
-0.0473428,-0.0287592670836,0.0185835329164
-0.0459418,-0.0255303758888,0.0204114241112
-0.0404686,0.0696502234627,0.110118823463
-0.129452,0.0666493218544,0.196101321854
-0.015002,-0.0274644306742,-0.0124624306742
0.00595702,0.0667987814635,0.0608417614635
0.170111,0.0670009243659,-0.103110075634
0.047873,-0.00186021609239,-0.0497332160924
-0.214361,-0.024475364748,0.189885635252
0.00174748,-0.0209455991657,-0.0226930791657
-0.198041,-0.0279012608925,0.170139739108
-0.0473635,-0.0225901655945,0.0247733344055
0.138522,0.00314330168122,-0.135378698319
0.0825109,-0.0284303516623,-0.110941251662
0.053902,-0.0257713279001,-0.0796733279001
-0.00742955,-0.0277874596762,-0.0203579096762
0.168702,0.0699842784641,-0.0987177215359
-0.00793768,0.0669604774598,0.0748981574598
-0.121186,-0.0281732062728,0.0930127937272
-0.183511,-0.0120355168969,0.171475483103
-0.186147,-0.0286729309873,0.157474069013
0.148302,-0.0225646166132,-0.170866616613
-0.0205477,-0.0274681111308,-0.00692041113077
-0.121805,-0.0282678618162,0.0935371381838
0.0483773,-0.0236972053704,-0.0720745053704
-0.0908007,-0.0286457171762,0.0621549828238
-0.0755687,0.0667069581713,0.142275658171
0.0696409,0.0682296380536,-0.00141126194636
0.163871,0.0685561975252,-0.0953148024748
-0.141287,-0.025030752458,0.116256247542
0.0779609,-0.0269921742095,-0.10495307421
-0.149834,-0.0288790383922,0.120954961608
0.0368701,-0.0204179494393,-0.0572880494393
0.0387308,0.0671571150842,0.0284263150842
0.0370267,-0.024620146979,-0.061646846979
-0.0678106,-0.028504843551,0.039305756449
-0.0559591,-0.0270625905737,0.0288965094263
-0.138658,-0.0266023236101,0.11205567639
-0.160103,-0.0217271392501,0.13837586075
0.0158497,-0.0270860657509,-0.0429357657509
0.114607,0.0735537625365,-0.0410532374635
-0.0480972,-0.0105989084844,0.0374982915156
0.089004,0.0646329794266,-0.0243710205734
0.10987,-0.0285723519719,-0.138442351972
0.152827,-0.0113601846429,-0.164187184643
0.0364374,-0.027111921326,-0.063549321326
-0.105025,-0.0288991544093,0.0761258455907
0.183964,-0.0272524158392,-0.211216415839
0.134304,0.0652577638193,-0.0690462361807
0.00833301,0.0608743681637,0.0525413581637
0.0308214,-0.0267804447918,-0.0576018447918
-0.00207466,-0.0276113689971,-0.0255367089971
0.029686,-0.0239809847569,-0.0536669847569
0.19485,0.0692703825154,-0.125579617485
-0.020132,-0.0166539543226,0.00347804567743
-0.00264542,0.0669079802852,0.0695534002852
0.138826,0.0669631398825,-0.0718628601175
0.115142,0.0463068270611,-0.0688351729389
0.0552868,-0.00375107222479,-0.0590378722248
0.152016,-0.0285459008271,-0.180561900827
-0.0211967,0.0343400562562,0.0555367562562
0.105832,0.0680186561932,-0.0378133438068
-0.207409,-0.0283724213792,0.179036578621
0.190166,-0.0125345433916,-0.202700543392
0.107957,-0.0268446769034,-0.134801676903
-0.0491309,0.0681487993625,0.117279699363
-0.0418,-0.0142909917551,0.0275090082449
-0.0296448,0.0594466534405,0.0890914534405
-0.0819785,-0.0266026191748,0.0553758808252
-0.0805327,-0.0278150593771,0.0527176406229
-0.0653442,0.0671281879873,0.132472387987
-0.172139,-0.00274578930244,0.169393210698
-0.0393672,0.0672923554518,0.106659555452
-0.0781258,-0.0239443534361,0.0541814465639
-0.0553581,-0.0270669241471,0.0282911758529
0.0246386,-0.0235639152093,-0.0482025152093
0.0442804,0.0562595543994,0.0119791543994
-0.0876564,-0.0288268057736,0.0588295942264
0.171989,-0.0172390297854,-0.189228029785
-0.0986053,0.0128286629348,0.111433962935
0.164127,-0.023790241876,-0.187917241876
0.00884875,0.0690329068394,0.0601841568394
0.0195229,0.0195483816216,2.54816216194e-05
0.0873752,0.068946379788,-0.018428820212
0.217371,-0.0240255282884,-0.241396528288
-0.0892189,-0.0288977523847,0.0603211476153
-0.058127,-0.0279935434929,0.0301334565071
0.0726603,-0.0289319826161,-0.101592282616
-0.206538,-0.028394554655,0.178143445345
0.0549015,0.000894082785214,-0.0540074172148
-0.106313,-0.015505197582,0.090807802418
-0.210295,-0.0286956308648,0.181599369135
0.00700599,0.0662193128518,0.0592133228518
-0.157794,-0.028775464243,0.129018535757
0.0712912,-0.0148145401622,-0.0861057401622
-0.0377278,-0.0233673100548,0.0143604899452
-0.188484,-0.0280475748252,0.160436425175
-0.101343,-0.028767132185,0.072575867815
-0.175386,-0.0282876906688,0.147098309331
0.108761,0.0660162866807,-0.0427447133193
-0.0589324,-0.0261636320898,0.0327687679102
0.0203484,-0.0241041798444,-0.0444525798444
-0.0571836,0.0440782312154,0.101261831215
-0.0545744,-0.0289370217793,0.0256373782207
-0.150001,-0.0283734345564,0.121627565444
0.0904621,-0.0287912935999,-0.1192533936
0.107723,-0.0241842272952,-0.131907227295
-0.0330139,0.0663615075716,0.0993754075716
-0.100754,-0.0284841999615,0.0722698000385
0.0557751,0.0673019399909,0.0115268399909
-0.131392,-0.0288862725771,0.102505727423
0.187318,-0.0268836472682,-0.214201647268
-0.141792,-0.0285969521143,0.113195047886
0.101476,0.0681343009253,-0.0333416990747
0.0630375,0.0669469139619,0.00390941396194
0.133764,0.0753725554058,-0.0583914445942
-0.079087,0.064994583784,0.144081583784
0.0680703,-0.0278254621398,-0.0958957621398
0.125509,0.0670168681933,-0.0584921318067
0.10583,-0.0225422660559,-0.128372266056
0.0650003,-0.0289151018974,-0.0939154018974
0.0878901,-0.026886582332,-0.114776682332
-0.172178,-0.028711273219,0.143466726781
-0.125205,-0.0286407777241,0.0965642222759
-0.0109234,-0.028761478373,-0.017838078373
0.116314,-0.0271774421531,-0.143491442153
-0.0893394,-0.0233791698231,0.0659602301769
-0.143529,-0.0271329982122,0.116396001788
0.21369,0.0470879747844,-0.166602025216
0.160543,0.0632159374204,-0.0973270625796
0.0954978,-0.0288938754064,-0.124391675406
0.0627077,-0.0215158450591,-0.0842235450591
0.0171494,0.0367193827207,0.0195699827207
-0.210385,-0.027862663138,0.182522336862
-0.142813,-0.0275923861826,0.115220613817
-0.0389331,0.00670129038474,0.0456343903847
0.00210535,-0.0284512609424,-0.0305566109424
-0.120855,0.00397205528265,0.124827055283
0.202556,-0.023047290362,-0.225603290362
0.134206,0.0653749418647,-0.0688310581353
0.011695,0.0352147720402,0.0235197720402
0.083336,0.0671814382673,-0.0161545617327
-0.0619501,0.0479946003909,0.109944700391
-0.116686,0.0623412972944,0.179027297294
0.217823,0.00167862357978,-0.21614437642
0.0205959,-0.00722955426337,-0.0278254542634
0.0342598,0.0695498311319,0.0352900311319
-0.0991147,0.0698718952985,0.168986595299
-0.121935,-0.0288873054184,0.0930476945816
0.165254,0.00615757604813,-0.159096423952
0.182344,-0.0228780543706,-0.205222054371
-0.0573149,-0.0275844456665,0.0297304543335
-0.0447555,0.0605007553534,0.105256255353
0.145234,-0.0261788397352,-0.171412839735
-0.0468117,-0.0286732515423,0.0181384484577
-0.192867,-0.0288781673889,0.163988832611
-0.0359982,-0.0283705065855,0.00762769341447
-0.0373787,-0.0286632810829,0.00871541891712
0.119706,-0.0269401800614,-0.146646180061
-0.0482014,-0.0214820463845,0.0267193536155
0.0882625,-0.0288030067582,-0.117065506758
-0.11432,-0.0244439501452,0.0898760498548
0.0193961,-0.0281268099901,-0.0475229099901
-0.0550504,-0.0271529295358,0.0278974704642
0.0855718,0.0702974926387,-0.0152743073613
-0.102102,-0.0280028297861,0.0740991702139
0.190758,-0.0107511302845,-0.201509130284
0.104223,0.0669720333588,-0.0372509666412
0.046529,-0.0256418798432,-0.0721708798432
-0.0870148,-0.0272246785161,0.0597901214839
-0.204354,-0.0246909172285,0.179663082772
-0.118079,-0.0284700212617,0.0896089787383
0.0877908,0.0330422706938,-0.0547485293062
-0.0285473,-0.0289454615416,-0.000398161541638
-0.0291734,-0.0267555095134,0.00241789048657
-0.118951,-0.0286512006813,0.0902997993187
0.0756361,-0.0155826065844,-0.0912187065844
-0.0224316,-0.0091989260712,0.0132326739288
-0.00355654,-0.0236993068043,-0.0201427668043
0.177497,-0.0288462694211,-0.206343269421
0.107597,-0.0286214783995,-0.1362184784
0.21212,0.0670714427991,-0.145048557201
0.110775,-0.0196435140855,-0.130418514086
0.0312825,0.0488421210444,0.0175596210444
-0.15332,-0.0148793189664,0.138440681034
-0.0527972,0.00492074134695,0.057717941347
0.196897,-0.00339844095588,-0.200295440956
-0.0881263,-0.0288537387577,0.0592725612423
-0.0877153,0.0671397795364,0.154855079536
-0.0441669,-0.0160782443905,0.0280886556095
0.0596251,-0.0288247955815,-0.0884498955815
0.218405,0.0783317803498,-0.14007321965
-0.136992,-0.0275367527342,0.109455247266
-0.0207861,0.056510268757,0.077296368757
0.197577,-0.0286317484225,-0.226208748423
-0.172335,-0.027205207565,0.145129792435
0.0914785,-0.0285531481918,-0.120031648192
-0.0539822,-0.0234946635091,0.0304875364909
0.185523,-0.00946537492606,-0.194988374926
-0.0970457,-0.0270851277404,0.0699605722596
0.20018,-0.0200233770937,-0.220203377094
0.00614758,-0.0288010254529,-0.0349486054529
0.0177767,-0.0278387074256,-0.0456154074256
-0.0810816,-0.0235857496689,0.0574958503311
-0.0602001,-0.0281499363399,0.0320501636601
-0.0470743,0.0694506814099,0.11652498141
0.10154,0.0696751207231,-0.0318648792769
-0.111441,-0.0285009327734,0.0829400672266
0.05164,-0.0268478320093,-0.0784878320093
0.173955,-0.0145609864563,-0.188515986456
0.208132,-0.0288017968105,-0.236933796811
-0.180411,-0.0273945337124,0.153016466288
-0.169443,-0.027679331885,0.141763668115
0.00166794,-0.0240999412029,-0.0257678812029
0.0635305,0.0672062917572,0.00367579175716
0.0259406,-0.0059446822693,-0.0318852822693
-0.103503,-0.0269176728019,0.0765853271981
-0.0706307,-0.0289393037834,0.0416913962166
-0.175763,-0.0287665246819,0.146996475318
-0.0643206,-0.0208754822757,0.0434451177243
-0.0270372,0.066939638366,0.093976838366
0.131557,-0.0258136861646,-0.157370686165
0.0396205,0.0673833997811,0.0277628997811
-0.0803354,-0.0262394885324,0.0540959114676
0.113746,-0.0288217595231,-0.142567759523
0.117964,-0.0258030288482,-0.143767028848
-0.143782,-0.0289474351815,0.114834564819
0.0231316,-0.0282285721351,-0.0513601721351
0.027627,0.054674166817,0.027047166817
0.151886,0.0680367854171,-0.0838492145829
0.119174,-0.0269124469866,-0.146086446987
-0.163534,-0.0134522562875,0.150081743712
-0.205961,-0.0265515147609,0.179409485239
-0.0713932,0.0664091818068,0.137802381807
0.125115,0.0670100825446,-0.0581049174554
0.153053,0.0682432278568,-0.0848097721432
0.164074,-0.0251791270959,-0.189253127096
0.022405,-0.0273158611104,-0.0497208611104
0.147444,-0.0260181456565,-0.173462145656
0.0166394,-0.0283268570136,-0.0449662570136
0.0210804,-0.0190161318991,-0.0400965318991
-0.154885,-0.0262847321728,0.128600267827
-0.0913542,-0.0288601812925,0.0624940187075
-0.00112666,-0.0236545123955,-0.0225278523955
0.0087743,-0.0289432691061,-0.0377175691061
0.0517172,-0.017008690037,-0.068725890037
-0.0318345,0.0663686628927,0.0982031628927
0.0666697,-0.0287571695711,-0.0954268695711
0.139909,-0.0254277916414,-0.165336791641
0.187672,-0.0281906296698,-0.21586262967
-0.16173,-0.0289019477611,0.132828052239
0.00959451,-0.0234879864748,-0.0330824964748
0.124985,0.0612983995473,-0.0636866004527
0.186326,0.00290250676819,-0.183423493232
0.170673,0.0687461165562,-0.101926883444
0.0758988,-0.0199372718042,-0.0958360718042
-0.107465,-0.0279588600981,0.0795061399019
-0.115173,-0.0277102098833,0.0874627901167
0.122099,0.0545492597732,-0.0675497402268
-0.14146,-0.0289137763538,0.112546223646
-0.0343961,-0.0198518792685,0.0145442207315
0.174402,0.0684611809879,-0.105940819012
-0.00514766,-0.0286770048152,-0.0235293448152
-0.0102153,0.0638826855128,0.0740979855128
0.0148038,0.0664897611473,0.0516859611473
-0.000267723,-0.0271363081999,-0.0268685851999
0.00839315,-0.028522863901,-0.036916013901
0.0806602,-0.0276247138463,-0.108284913846
0.0869862,0.0673151962842,-0.0196710037158
-0.115025,-0.014497116254,0.100527883746
-0.190816,-0.0286466402767,0.162169359723
-0.0409628,-0.0288591895211,0.0121036104789
0.185187,-0.022649749838,-0.207836749838
-0.0208655,-0.0267289301976,-0.00586343019761
-0.131276,-0.0260411995398,0.10523480046
-0.0570923,-0.0288579230865,0.0282343769135
0.207162,-0.0273786402587,-0.234540640259
0.097251,-0.0285966836815,-0.125847683682
0.0420794,0.057646588279,0.015567188279
-0.0736987,-0.0267368455164,0.0469618544836
-0.0684921,-0.0287794201687,0.0397126798313
0.0776416,-0.0186195170105,-0.0962611170105
0.0207463,-0.0288966514956,-0.0496429514956
0.166427,-0.0276961743518,-0.194123174352
-0.0520746,-0.0288005492055,0.0232740507945
-0.181128,-0.0280554818523,0.153072518148
-0.141351,-0.0288289296572,0.112522070343
-0.166349,-0.0267689571677,0.139580042832
0.0345429,0.00535290471106,-0.0291899952889
0.158106,-0.00299939822164,-0.161105398222
-0.0473628,-0.0207811425273,0.0265816574727
-0.175341,-0.0288617590291,0.146479240971
0.1213,0.0507979773625,-0.0705020226375
-0.0360418,-0.0287464370768,0.00729536292318
0.137485,0.0671910454251,-0.0702939545749
0.21341,0.0669650776016,-0.146444922398
0.0744114,-0.0288895441343,-0.103300944134
-0.14022,-0.0273636268888,0.112856373111
-0.0496065,-0.0281970459349,0.0214094540651
-0.0903023,-0.0288937254886,0.0614085745114
-0.0927953,-0.0270814405384,0.0657138594616
0.113245,-0.00288688395719,-0.116131883957
-0.0616882,-0.00638777559542,0.0553004244046
0.123865,0.0669818959433,-0.0568831040567
0.0560149,0.0670182986306,0.0110033986306
-0.121552,-0.0275938754757,0.0939581245243
-0.0463565,-0.0287517645153,0.0176047354847
0.0954582,0.063582258546,-0.031875941454
-0.0446679,-0.0287787429787,0.0158891570213
0.000844368,-0.0186734027948,-0.0195177707948
0.185083,-0.0225390499647,-0.207622049965
-0.0850754,-0.0284214794796,0.0566539205204
0.0438182,-0.028306888756,-0.072125088756
0.0362742,-0.0284548679946,-0.0647290679946
-0.093083,0.0629726422271,0.156055642227
-0.0353488,-0.0285521671744,0.00679663282557
0.00735277,-0.0220168021406,-0.0293695721406
0.191135,-0.0248557004821,-0.215990700482
0.169578,-0.0197769253083,-0.189354925308
-0.046997,-0.0288214612311,0.0181755387689
0.0400648,-0.0223003890807,-0.0623651890807
0.146583,0.0672649914653,-0.0793180085347
-0.20815,-0.0215859261236,0.186564073876
-0.0312966,-0.0288997748312,0.00239682516883
0.173445,-0.0278808599288,-0.201325859929
0.175489,0.0669820851402,-0.10850691486
0.00714612,0.0228167538529,0.0156706338529
-0.19551,-0.0247268896807,0.170783110319
0.213705,0.0728769889639,-0.140828011036
-0.144355,-0.0287925326762,0.115562467324
0.103096,-0.0285973805816,-0.131693380582
-0.155233,-0.0181141918614,0.137118808139
-0.210185,-0.021921455544,0.188263544456
-0.167881,-0.0280972889775,0.139783711023
0.150417,0.000920594236158,-0.149496405764
-0.0942333,-0.028872906136,0.065360393864
0.0585403,0.0673906234853,0.00885032348531
0.019425,0.0556081486712,0.0361831486712
0.0520044,-0.0274844336986,-0.0794888336986
0.0796792,-0.0289137291639,-0.108592929164
-0.12805,-0.0286253283707,0.0994246716293
-0.00885079,-0.0288594362259,-0.0200086462259
-0.0190671,-0.00128210954929,0.0177849904507
0.0581706,0.068892558213,0.010721958213
0.0780764,0.0778609946576,-0.000215405342366
0.0337806,0.068499490109,0.034718890109
-0.21513,-0.0273121709222,0.187817829078
0.0560425,-0.028796387354,-0.084838887354
0.16917,0.0049576047033,-0.164212395297
-0.0418491,0.0542042322772,0.0960533322772
0.136245,0.0594377975046,-0.0768072024954
0.155877,0.0659970621836,-0.0898799378164
-0.0363985,-0.028286201071,0.008112298929
0.0144455,-0.028885589191,-0.043331089191
0.0307373,0.0665971097341,0.0358598097341
-0.152457,-0.0280432118588,0.124413788141
-0.0772297,-0.0243140218415,0.0529156781585
-0.0539631,0.0203929033578,0.0743560033578
0.0994534,-0.0133694472728,-0.112822847273
-0.0469229,-0.027653874955,0.019269025045
0.0482415,0.0674696513624,0.0192281513624
-0.022663,-0.0275292138319,-0.00486621383191
0.0196521,-0.0243582808068,-0.0440103808068
-0.193714,-0.0289474329046,0.164766567095
-0.0548224,0.060445155735,0.115267555735
-0.158577,-0.0288877293091,0.129689270691
0.137775,-0.0026887046785,-0.140463704678
0.0329286,0.0670371295016,0.0341085295016
-0.0657206,-0.00356829004938,0.0621523099506
-0.0147651,-0.0288827287698,-0.0141176287698
-0.0753188,-0.0276612259039,0.0476575740961
0.130596,0.00296662646014,-0.12762937354
0.21945,-0.00186168077938,-0.221311680779
0.125145,-0.0247928901541,-0.149937890154
0.0338362,-0.0289268606983,-0.0627630606983
-0.134767,-0.0287918688264,0.105975131174
0.0033947,-0.0285725218414,-0.0319672218414
-0.153108,-0.0195642461122,0.133543753888
0.114432,-0.0240645405202,-0.13849654052
0.169167,0.0670186084459,-0.102148391554
0.0756497,0.0675028787672,-0.00814682123281
-0.110276,-0.0289267258237,0.0813492741763
-0.00663827,-0.00959219767831,-0.00295392767831
0.0300403,0.0670948255246,0.0370545255246
0.0661386,-0.0261814362059,-0.0923200362059
-0.130324,-0.0261877866908,0.104136213309
-0.0354528,0.0682898898613,0.103742689861
-0.00107343,-0.0283392582851,-0.0272658282851
-0.110127,-0.0286653824938,0.0814616175062
0.189318,-0.0287591925415,-0.218077192542
0.138701,0.0565563761063,-0.0821446238937
-0.140864,-0.0287091717092,0.112154828291
-0.0125114,-0.0232666400242,-0.0107552400242
0.129777,0.0271782844016,-0.102598715598
-0.129066,-0.0255645966458,0.103501403354
-0.212093,-0.0284392852698,0.18365371473
0.13301,-0.0286707834656,-0.161680783466
0.0995552,-0.0165528915293,-0.116108091529
0.0959868,0.0685907636074,-0.0273960363926
-0.0365546,-0.0206479713848,0.0159066286152
0.132803,0.0744762673708,-0.0583267326292
0.00945076,-0.0287908587416,-0.0382416187416
-0.0242874,-0.0284357435677,-0.00414834356766
0.148987,0.0324914817532,-0.116495518247
0.152239,0.0672591644926,-0.0849798355074
-0.125246,0.0666116691909,0.191857669191
0.0443608,-0.0170435007536,-0.0614043007536
0.104967,-0.0263744073826,-0.131341407383
0.0746987,-0.023184681442,-0.097883381442
0.13262,-0.0164604456007,-0.149080445601
-0.200714,-0.0279075515299,0.17280644847
-0.00492222,-0.0254537185049,-0.0205314985049
0.202626,0.00745841546903,-0.195167584531
-0.0631601,-0.0276034340645,0.0355566659355
-0.103936,-0.0278502142909,0.0760857857091
0.168893,-0.0270042723169,-0.195897272317
0.076209,-0.0246988838061,-0.100907883806
0.0192979,0.0670322281935,0.0477343281935
-0.105286,0.0658203882532,0.171106388253
-0.0104059,0.0174914740336,0.0278973740336
0.126474,0.000856782655356,-0.125617217345
-0.0503781,-0.0241489616668,0.0262291383332
-0.0635438,-0.028683804551,0.034859995449
0.136064,-0.0116375200976,-0.147701520098
0.121124,0.0689027955933,-0.0522212044067
0.150533,-0.00125259470114,-0.151785594701
0.19195,-0.025528168405,-0.217478168405
-0.109652,-0.0289413870767,0.0807106129233
-0.194201,-0.0289390342026,0.165261965797
-0.071618,-0.0288179502578,0.0428000497422
-0.157005,-0.0269448144589,0.130060185541
0.00161106,-0.02891114335,-0.03052220335
0.178214,0.0675120166502,-0.11070198335
-0.00160525,-0.0289246310223,-0.0273193810223
-0.0982699,-0.0289036811655,0.0693662188345
0.166421,0.0684572980237,-0.0979637019763
-0.0715674,0.0506109770895,0.12217837709
-0.137802,-0.0289380956796,0.10886390432
-0.160986,-0.0288454948772,0.132140505123
0.185501,-0.00655822374659,-0.192059223747
0.202929,0.0678037487846,-0.135125251215
0.0122961,0.0536363830329,0.0413402830329
0.041644,0.0672322098393,0.0255882098393
0.065761,0.045667135416,-0.020093864584
-0.0644366,-0.0278469026674,0.0365896973326
0.0176308,-0.0284416682654,-0.0460724682654
-0.094427,-0.0286123565488,0.0658146434512
-0.0607483,-0.0216547687324,0.0390935312676
0.0119962,0.0670701555998,0.0550739555998
-0.0920067,-0.0283802991435,0.0636264008565
0.0128629,0.0670022761308,0.0541393761308
0.0633496,-0.0186651880412,-0.0820147880412
0.18784,0.0669507743422,-0.120889225658
-0.047369,-0.0288920901502,0.0184769098498
0.0343618,-0.0280811613919,-0.0624429613919
-0.0273488,0.0655896256231,0.0929384256231
-0.159241,-0.0285597758695,0.13068122413
-0.179946,-0.0286719276498,0.15127407235
-0.0634616,-0.0285054704458,0.0349561295542
0.00110573,-0.0287642466594,-0.0298699766594
-0.136776,-0.0289291319565,0.107846868043
0.138361,-0.0266137551992,-0.164974755199
0.163901,0.0474848202622,-0.116416179738
-0.0308301,-0.0255566245794,0.00527347542065
-0.0544995,0.0668708636353,0.121370363635
-0.110908,-0.0268556967451,0.0840523032549
-0.0720239,-0.0276228324606,0.0444010675394
-0.0924681,-0.0289341233237,0.0635339766763
-0.192379,0.0770992707025,0.269478270702
-0.0862456,-0.0164667222288,0.0697788777712
0.101215,-0.0282395606854,-0.129454560685
-0.0658667,-0.0286394689553,0.0372272310447
-0.210478,-0.028761245576,0.181716754424
-0.0206295,0.0656046699975,0.0862341699975
0.0248047,-0.0236802318638,-0.0484849318638
-0.0848869,-0.0257919017797,0.0590949982203
0.15879,-0.024654813639,-0.183444813639
-0.182622,-0.0189468510642,0.163675148936
0.00870346,0.064066792629,0.055363332629
0.0671452,0.0669842281131,-0.000160971886907
-0.131163,-0.0277016024666,0.103461397533
0.0265273,0.00791172450431,-0.0186155754957
-0.0966961,-0.0263334457691,0.0703626542309
-0.0291795,0.0658956137617,0.0950751137617
0.16464,0.0737837187245,-0.0908562812755
0.210076,0.0702412834079,-0.139834716592
0.154183,0.0674610382606,-0.0867219617394
0.0221185,-0.0097367144577,-0.0318552144577
-0.18557,-0.0233241650038,0.162245834996
0.00663498,0.0363810743469,0.0297460943469
-0.1516,-0.0284213116124,0.123178688388
0.0919609,-0.0289485736441,-0.120909473644
0.204049,0.067407007916,-0.136641992084
-0.12994,-0.0289246790342,0.101015320966
-0.0988015,-0.0212475254101,0.0775539745899
0.0150687,0.0497791857136,0.0347104857136
0.0409614,-0.0288587914045,-0.0698201914045
0.195558,-0.00342814968644,-0.198986149686
0.139985,0.032253057942,-0.107731942058
-0.161066,-0.0278469236497,0.13321907635
0.0960014,-0.0281677555261,-0.124169155526
-0.140484,-0.0274414863988,0.113042513601
-0.169693,-0.028476374187,0.141216625813
0.0961207,-0.0217202676778,-0.117840967678
-0.0465865,0.0670131601614,0.113599660161
-0.0397509,-0.027619583016,0.012131316984
-0.189571,-0.0284973361544,0.161073663846
-0.210233,-0.0284081689925,0.181824831008
0.162934,0.0337342668206,-0.129199733179
-0.0203371,-0.0286096197539,-0.00827251975385
0.102936,-0.02679238117,-0.12972838117
-0.0645671,-0.0289073254036,0.0356597745964
0.0169138,-0.0288688448663,-0.0457826448663
0.109934,0.0669368060373,-0.0429971939627
0.0118836,-0.0288752565119,-0.0407588565119
-0.0397641,0.0190298541328,0.0587939541328
-0.171791,-0.027751769967,0.144039230033
-0.217563,-0.0269649884609,0.190598011539
-0.136619,-0.028941849218,0.107677150782
0.185361,-0.0281882672664,-0.213549267266
0.00882062,-0.028068647538,-0.036889267538
-0.112635,-0.0289436648925,0.0836913351075
-0.155262,-0.0289368343022,0.126325165698
0.215801,0.0675812274464,-0.148219772554
0.0534537,0.0644274711354,0.0109737711354
-0.133524,0.0343622956843,0.167886295684
-0.189984,0.0175321647594,0.207516164759
0.151146,0.0691595611959,-0.0819864388041
-0.0917416,-0.0288792721639,0.0628623278361
0.053698,0.0733013361788,0.0196033361788
-0.0947606,-0.0233152359308,0.0714453640692
-0.219395,-0.0269495245953,0.192445475405
-0.0970571,-0.0289066370871,0.0681504629129
-0.175538,-0.0289339498154,0.146604050185
0.111994,0.0671791872292,-0.0448148127708
0.104004,0.066980660098,-0.037023339902
0.107167,0.0668815119167,-0.0402854880833
0.169243,-0.0275707891535,-0.196813789154
-0.165913,-0.00663690356811,0.159276096432
0.0319874,0.0683274157356,0.0363400157356
0.121911,-0.0287493832364,-0.150660383236
0.0797981,-0.0287496675058,-0.108547767506
-0.00294704,0.0658157957506,0.0687628357506
0.0518497,-0.0181416919243,-0.0699913919243
0.138018,0.0676689647001,-0.0703490352999
-0.0172107,0.0671156699665,0.0843263699665
-0.202203,-0.0288736040123,0.173329395988
-0.063206,-0.028911014288,0.034294985712
-0.137462,-0.0288650661875,0.108596933812
-0.113331,-0.0248913898071,0.0884396101929
-0.0877676,-0.0286948168511,0.0590727831489
-0.0664805,0.0547156466634,0.121196146663
0.047944,-0.0197204820242,-0.0676644820242
-0.191538,-0.0131500215354,0.178387978465
0.0855385,-0.00683203935227,-0.0923705393523
-0.180859,-0.0288480780521,0.152010921948
0.157989,0.067027883591,-0.090961116409
-0.142642,-0.0289182423812,0.113723757619
0.0155181,0.0669208623206,0.0514027623206
0.0634858,0.0654648559013,0.00197905590132
0.159373,-0.0284704829089,-0.187843482909
-0.0316476,-0.0289286379765,0.00271896202346
-0.104234,-0.0286672855615,0.0755667144385
-0.0147829,0.0661012290289,0.0808841290289
0.168885,0.0669191667597,-0.10196583324
-0.166775,-0.02611989864,0.14065510136
0.165767,0.0676557702988,-0.0981112297012
0.150192,0.0679290671551,-0.0822629328449

